2026-08-20 16:58:17,788 - root - INFO - Starting Vinted Alert Bot...
2026-08-20 16:58:19,182 - root - INFO - Telegram bot validated: @Vinted_go_bot
2026-08-20 16:58:21,494 - notifier - INFO - SENT: Text message sent to 7688548847
2026-08-20 16:58:21,496 - root - INFO - All Telegram destinations passed the delivery test
2026-08-20 16:58:34,293 - root - INFO - Starting Vinted Alert Bot...
2026-08-20 16:58:35,405 - root - INFO - Telegram bot validated: @Vinted_go_bot
2026-08-20 16:58:37,930 - notifier - INFO - SENT: Text message sent to 7688548847
2026-08-20 16:58:37,932 - scraper - INFO - Fetching new cookies from https://www.vinted.pt...
2026-08-20 16:58:40,081 - scraper - INFO - Successfully fetched and saved new cookies.
2026-08-20 16:58:40,083 - root - INFO - Running in '--once' mode.
2026-08-20 16:58:40,086 - root - INFO - --- Starting periodic check ---
2026-08-20 16:58:40,087 - bot - INFO - Running search: iPhone XR
2026-08-20 16:58:41,601 - bot - INFO - Found 96 items for 'iPhone XR'
2026-08-20 16:58:43,759 - bot - INFO - NEW MATCH: iPhone XR - Item 9721451594
2026-08-20 16:58:47,748 - notifier - INFO - SENT: Text message sent to 7688548847
2026-08-20 16:58:47,750 - notifier - INFO - SENT: Alert sent to 7688548847 for item 9721451594
2026-08-20 16:58:49,794 - bot - INFO - NEW MATCH: iPhone XR - Item 9720973575
2026-08-20 16:58:53,776 - notifier - INFO - SENT: Text message sent to 7688548847
2026-08-20 16:58:53,777 - notifier - INFO - SENT: Alert sent to 7688548847 for item 9720973575
2026-08-20 16:58:55,817 - bot - INFO - NEW MATCH: iPhone XR - Item 9720238671
2026-08-20 16:58:59,705 - notifier - INFO - SENT: Text message sent to 7688548847
2026-08-20 16:58:59,706 - notifier - INFO - SENT: Alert sent to 7688548847 for item 9720238671
2026-08-20 16:59:01,743 - bot - INFO - NEW MATCH: iPhone XR - Item 9719810976
2026-08-20 16:59:05,929 - notifier - INFO - SENT: Text message sent to 7688548847
2026-08-20 16:59:05,931 - notifier - INFO - SENT: Alert sent to 7688548847 for item 9719810976
2026-08-20 16:59:08,243 - bot - INFO - Search summary 'iPhone XR': matched=4, already_seen=91, filtered_out=1, detail_failed=0, dry_run=False
2026-08-20 16:59:08,243 - bot - INFO - Running search: iPhone 11
2026-08-20 16:59:09,906 - bot - INFO - Found 96 items for 'iPhone 11'
2026-08-20 16:59:12,086 - bot - INFO - NEW MATCH: iPhone 11 - Item 9721822969
2026-08-20 16:59:15,954 - notifier - INFO - SENT: Text message sent to 7688548847
2026-08-20 16:59:15,956 - notifier - INFO - SENT: Alert sent to 7688548847 for item 9721822969
2026-08-20 16:59:18,198 - bot - INFO - NEW MATCH: iPhone 11 - Item 9721726692
2026-08-20 16:59:22,077 - notifier - INFO - SENT: Text message sent to 7688548847
2026-08-20 16:59:22,077 - notifier - INFO - SENT: Alert sent to 7688548847 for item 9721726692
2026-08-20 16:59:24,013 - bot - INFO - NEW MATCH: iPhone 11 - Item 9721549154
2026-08-20 16:59:27,958 - notifier - INFO - SENT: Text message sent to 7688548847
2026-08-20 16:59:27,959 - notifier - INFO - SENT: Alert sent to 7688548847 for item 9721549154
2026-08-20 16:59:30,083 - bot - INFO - NEW MATCH: iPhone 11 - Item 9721502493
2026-08-20 16:59:33,503 - notifier - INFO - SENT: Text message sent to 7688548847
2026-08-20 16:59:33,504 - notifier - INFO - SENT: Alert sent to 7688548847 for item 9721502493
2026-08-20 16:59:35,803 - bot - INFO - NEW MATCH: iPhone 11 - Item 9721574689
2026-08-25 20:27:57,536 - root - INFO - Starting Vinted Alert Bot...
2026-08-25 20:27:59,575 - root - INFO - Telegram bot validated: @Vinted_go_bot
2026-08-25 20:28:02,818 - notifier - INFO - SENT: Text message sent to 7688548847
2026-08-25 20:28:02,824 - scraper - INFO - Fetching new cookies from https://www.vinted.pt...
2026-08-25 20:28:06,072 - scraper - INFO - Successfully fetched and saved new cookies.
2026-08-25 20:28:06,072 - root - INFO - Running in '--once' mode.
2026-08-25 20:28:06,073 - root - INFO - --- Starting periodic check ---
2026-08-25 20:28:06,073 - bot - INFO - Running search: iPhone XR
2026-08-25 20:28:08,780 - bot - INFO - Found 96 items for 'iPhone XR'
2026-08-25 20:28:17,528 - bot - INFO - NEW MATCH: iPhone XR - Item 9778771208
2026-08-25 20:28:21,432 - notifier - INFO - SENT: Text message sent to 7688548847
2026-08-25 20:28:21,432 - notifier - INFO - SENT: Alert sent to 7688548847 for item 9778771208
2026-08-25 20:28:25,969 - bot - INFO - NEW MATCH: iPhone XR - Item 9778693259
2026-08-25 20:28:30,189 - notifier - INFO - SENT: Text message sent to 7688548847
2026-08-25 20:28:30,189 - notifier - INFO - SENT: Alert sent to 7688548847 for item 9778693259
2026-08-25 20:28:39,411 - bot - INFO - NEW MATCH: iPhone XR - Item 9777793106
2026-08-25 20:28:43,600 - notifier - INFO - SENT: Text message sent to 7688548847
2026-08-25 20:28:43,601 - notifier - INFO - SENT: Alert sent to 7688548847 for item 9777793106
2026-08-25 20:28:48,184 - bot - INFO - NEW MATCH: iPhone XR - Item 9777726434
2026-08-25 20:28:52,147 - notifier - INFO - SENT: Text message sent to 7688548847
2026-08-25 20:28:52,148 - notifier - INFO - SENT: Alert sent to 7688548847 for item 9777726434
2026-08-25 20:28:57,135 - bot - INFO - NEW MATCH: iPhone XR - Item 9776940273
2026-08-25 20:29:01,420 - notifier - INFO - SENT: Text message sent to 7688548847
2026-08-25 20:29:01,421 - notifier - INFO - SENT: Alert sent to 7688548847 for item 9776940273
2026-08-25 20:29:06,188 - bot - INFO - NEW MATCH: iPhone XR - Item 9776239187
2026-08-25 20:29:10,587 - notifier - INFO - SENT: Text message sent to 7688548847
2026-08-25 20:29:10,587 - notifier - INFO - SENT: Alert sent to 7688548847 for item 9776239187
2026-08-25 20:29:15,235 - bot - INFO - NEW MATCH: iPhone XR - Item 9731114790
2026-08-25 20:29:19,834 - notifier - INFO - SENT: Text message sent to 7688548847
2026-08-25 20:29:19,835 - notifier - INFO - SENT: Alert sent to 7688548847 for item 9731114790
2026-08-25 20:29:23,928 - bot - INFO - NEW MATCH: iPhone XR - Item 9775721102
2026-08-25 20:29:28,246 - notifier - INFO - SENT: Text message sent to 7688548847
2026-08-25 20:29:28,246 - notifier - INFO - SENT: Alert sent to 7688548847 for item 9775721102
2026-08-25 20:29:28,252 - bot - INFO - Detail limit reached for 'iPhone XR' (10); remaining unseen items will be checked next cycle
2026-08-25 20:29:28,252 - bot - INFO - Search summary 'iPhone XR': matched=8, already_seen=0, filtered_out=2, detail_failed=0, dry_run=False
2026-08-25 20:29:28,252 - bot - INFO - Running search: iPhone 11
2026-08-25 20:29:31,912 - bot - INFO - Found 96 items for 'iPhone 11'
2026-08-25 20:29:35,527 - bot - INFO - NEW MATCH: iPhone 11 - Item 9778955076
2026-08-25 20:29:39,546 - notifier - INFO - SENT: Text message sent to 7688548847
2026-08-25 20:29:39,546 - notifier - INFO - SENT: Alert sent to 7688548847 for item 9778955076
2026-08-25 20:29:43,761 - bot - INFO - NEW MATCH: iPhone 11 - Item 9778915852
2026-08-25 20:29:47,953 - notifier - INFO - SENT: Text message sent to 7688548847
2026-08-25 20:29:47,953 - notifier - INFO - SENT: Alert sent to 7688548847 for item 9778915852
2026-08-25 20:29:52,381 - bot - INFO - NEW MATCH: iPhone 11 - Item 9778888438
2026-08-25 20:29:57,366 - notifier - INFO - SENT: Text message sent to 7688548847
2026-08-25 20:29:57,366 - notifier - INFO - SENT: Alert sent to 7688548847 for item 9778888438
2026-08-25 20:29:58,083 - scraper - WARNING - Item detail unavailable https://www.vinted.pt/items/9778827660-iphone-11: HTTP 404
2026-08-25 20:30:03,643 - bot - INFO - NEW MATCH: iPhone 11 - Item 9778745363
2026-08-25 20:30:08,114 - notifier - INFO - SENT: Text message sent to 7688548847
2026-08-25 20:30:08,115 - notifier - INFO - SENT: Alert sent to 7688548847 for item 9778745363
2026-08-25 20:30:13,016 - bot - INFO - NEW MATCH: iPhone 11 - Item 9778621677
2026-08-25 20:30:16,673 - notifier - INFO - SENT: Text message sent to 7688548847
2026-08-25 20:30:16,674 - notifier - INFO - SENT: Alert sent to 7688548847 for item 9778621677
2026-08-25 20:30:24,748 - bot - INFO - NEW MATCH: iPhone 11 - Item 9777714417
2026-08-25 20:30:29,761 - notifier - INFO - SENT: Text message sent to 7688548847
2026-08-25 20:30:29,762 - notifier - INFO - SENT: Alert sent to 7688548847 for item 9777714417
2026-08-25 20:30:33,353 - bot - INFO - NEW MATCH: iPhone 11 - Item 9778048921
2026-08-25 20:30:37,282 - notifier - INFO - SENT: Text message sent to 7688548847
2026-08-25 20:30:37,282 - notifier - INFO - SENT: Alert sent to 7688548847 for item 9778048921
2026-08-25 20:30:40,983 - bot - INFO - NEW MATCH: iPhone 11 - Item 9778018870
2026-08-25 20:30:47,050 - notifier - INFO - SENT: Text message sent to 7688548847
2026-08-25 20:30:47,050 - notifier - INFO - SENT: Alert sent to 7688548847 for item 9778018870
2026-08-25 20:30:47,061 - bot - INFO - Detail limit reached for 'iPhone 11' (10); remaining unseen items will be checked next cycle
2026-08-25 20:30:47,062 - bot - INFO - Search summary 'iPhone 11': matched=8, already_seen=0, filtered_out=4, detail_failed=0, dry_run=False
2026-08-25 20:30:47,062 - bot - INFO - Running search: iPhone 11
2026-08-25 20:30:49,284 - bot - INFO - Found 96 items for 'iPhone 11'
2026-08-25 20:30:52,475 - bot - INFO - NEW MATCH: iPhone 11 - Item 9778836097
2026-08-25 20:30:57,004 - notifier - INFO - SENT: Text message sent to 7688548847
2026-08-25 20:30:57,004 - notifier - INFO - SENT: Alert sent to 7688548847 for item 9778836097
2026-08-25 20:31:00,107 - bot - INFO - NEW MATCH: iPhone 11 - Item 9778525250
2026-08-25 20:31:04,572 - notifier - INFO - SENT: Text message sent to 7688548847
2026-08-25 20:31:04,573 - notifier - INFO - SENT: Alert sent to 7688548847 for item 9778525250
2026-08-25 20:31:07,831 - bot - INFO - NEW MATCH: iPhone 11 - Item 9777942672
2026-08-25 20:31:13,232 - notifier - INFO - SENT: Text message sent to 7688548847
2026-08-25 20:31:13,232 - notifier - INFO - SENT: Alert sent to 7688548847 for item 9777942672
2026-08-25 20:31:16,483 - bot - INFO - NEW MATCH: iPhone 11 - Item 9777852938
2026-08-25 20:31:21,162 - notifier - INFO - SENT: Text message sent to 7688548847
2026-08-25 20:31:21,162 - notifier - INFO - SENT: Alert sent to 7688548847 for item 9777852938
2026-08-25 20:31:24,415 - bot - INFO - NEW MATCH: iPhone 11 - Item 9777818662
2026-08-25 20:31:29,414 - notifier - INFO - SENT: Text message sent to 7688548847
2026-08-25 20:31:29,415 - notifier - INFO - SENT: Alert sent to 7688548847 for item 9777818662
2026-08-25 20:31:32,493 - bot - INFO - NEW MATCH: iPhone 11 - Item 9777778929
2026-08-25 20:31:36,453 - notifier - INFO - SENT: Text message sent to 7688548847
2026-08-25 20:31:36,453 - notifier - INFO - SENT: Alert sent to 7688548847 for item 9777778929
2026-08-25 20:31:39,446 - bot - INFO - NEW MATCH: iPhone 11 - Item 9777628612
2026-08-25 20:31:43,229 - notifier - INFO - SENT: Text message sent to 7688548847
2026-08-25 20:31:43,229 - notifier - INFO - SENT: Alert sent to 7688548847 for item 9777628612
2026-08-25 20:31:46,301 - bot - INFO - NEW MATCH: iPhone 11 - Item 9777712870
2026-08-25 20:31:50,486 - notifier - INFO - SENT: Text message sent to 7688548847
2026-08-25 20:31:50,486 - notifier - INFO - SENT: Alert sent to 7688548847 for item 9777712870
2026-08-25 20:31:54,605 - bot - INFO - NEW MATCH: iPhone 11 - Item 9777548501
2026-08-25 20:31:59,287 - notifier - INFO - SENT: Text message sent to 7688548847
2026-08-25 20:31:59,287 - notifier - INFO - SENT: Alert sent to 7688548847 for item 9777548501
2026-08-25 20:32:02,488 - bot - INFO - NEW MATCH: iPhone 11 - Item 9777488113
2026-08-25 20:32:08,648 - notifier - INFO - SENT: Text message sent to 7688548847
2026-08-25 20:32:08,648 - notifier - INFO - SENT: Alert sent to 7688548847 for item 9777488113
2026-08-25 20:32:08,661 - bot - INFO - Detail limit reached for 'iPhone 11' (10); remaining unseen items will be checked next cycle
2026-08-25 20:32:08,661 - bot - INFO - Search summary 'iPhone 11': matched=10, already_seen=11, filtered_out=2, detail_failed=0, dry_run=False
2026-08-25 20:32:08,661 - bot - INFO - Running search: iPhone 11 Pro Max
2026-08-25 20:32:15,855 - bot - INFO - Found 96 items for 'iPhone 11 Pro Max'
2026-08-25 20:32:19,771 - bot - INFO - NEW MATCH: iPhone 11 Pro Max - Item 9778600780
2026-08-25 20:32:26,579 - notifier - INFO - SENT: Text message sent to 7688548847
2026-08-25 20:32:26,580 - notifier - INFO - SENT: Alert sent to 7688548847 for item 9778600780
2026-08-25 20:32:29,249 - bot - INFO - NEW MATCH: iPhone 11 Pro Max - Item 9777075212
2026-08-25 20:32:34,385 - notifier - INFO - SENT: Text message sent to 7688548847
2026-08-25 20:32:34,385 - notifier - INFO - SENT: Alert sent to 7688548847 for item 9777075212
2026-08-25 20:32:37,041 - bot - INFO - NEW MATCH: iPhone 11 Pro Max - Item 9776847301
2026-08-25 20:32:43,549 - notifier - INFO - SENT: Text message sent to 7688548847
2026-08-25 20:32:43,550 - notifier - INFO - SENT: Alert sent to 7688548847 for item 9776847301
2026-08-25 20:32:47,042 - bot - INFO - NEW MATCH: iPhone 11 Pro Max - Item 9775840709
2026-08-25 20:32:54,750 - notifier - INFO - SENT: Text message sent to 7688548847
2026-08-25 20:32:54,751 - notifier - INFO - SENT: Alert sent to 7688548847 for item 9775840709
2026-08-25 20:33:04,845 - bot - INFO - NEW MATCH: iPhone 11 Pro Max - Item 9773624241
2026-08-25 20:33:11,072 - notifier - INFO - SENT: Text message sent to 7688548847
2026-08-25 20:33:11,073 - notifier - INFO - SENT: Alert sent to 7688548847 for item 9773624241
2026-08-25 20:33:19,762 - bot - INFO - NEW MATCH: iPhone 11 Pro Max - Item 9770019730
2026-08-25 20:33:26,588 - notifier - INFO - SENT: Text message sent to 7688548847
2026-08-25 20:33:26,588 - notifier - INFO - SENT: Alert sent to 7688548847 for item 9770019730
2026-08-25 20:33:31,925 - bot - INFO - NEW MATCH: iPhone 11 Pro Max - Item 9769290758
2026-08-25 20:33:39,040 - notifier - INFO - SENT: Text message sent to 7688548847
2026-08-25 20:33:39,041 - notifier - INFO - SENT: Alert sent to 7688548847 for item 9769290758
2026-08-25 20:33:44,055 - bot - INFO - NEW MATCH: iPhone 11 Pro Max - Item 9766977191
2026-08-25 20:34:02,647 - notifier - INFO - SENT: Text message sent to 7688548847
2026-08-25 20:34:02,650 - notifier - INFO - SENT: Alert sent to 7688548847 for item 9766977191
2026-08-25 20:34:02,669 - bot - INFO - Detail limit reached for 'iPhone 11 Pro Max' (10); remaining unseen items will be checked next cycle
2026-08-25 20:34:02,675 - bot - INFO - Search summary 'iPhone 11 Pro Max': matched=8, already_seen=2, filtered_out=2, detail_failed=0, dry_run=False
2026-08-25 20:34:02,687 - bot - INFO - Running search: iPhone 12
2026-08-25 20:34:09,635 - bot - INFO - Found 96 items for 'iPhone 12'
2026-08-25 20:34:15,038 - bot - INFO - NEW MATCH: iPhone 12 - Item 9779076301
2026-08-25 20:34:25,079 - notifier - INFO - SENT: Text message sent to 7688548847
2026-08-25 20:34:25,081 - notifier - INFO - SENT: Alert sent to 7688548847 for item 9779076301
2026-08-25 20:34:28,489 - bot - INFO - NEW MATCH: iPhone 12 - Item 9779061441
2026-08-25 20:34:33,731 - notifier - INFO - SENT: Text message sent to 7688548847
2026-08-25 20:34:33,732 - notifier - INFO - SENT: Alert sent to 7688548847 for item 9779061441
2026-08-25 20:34:37,757 - bot - INFO - NEW MATCH: iPhone 12 - Item 9779027457
2026-08-25 20:34:44,512 - notifier - INFO - SENT: Text message sent to 7688548847
2026-08-25 20:34:44,514 - notifier - INFO - SENT: Alert sent to 7688548847 for item 9779027457
2026-08-25 20:34:55,321 - bot - INFO - NEW MATCH: iPhone 12 - Item 9778779838
2026-08-25 20:35:01,038 - notifier - INFO - SENT: Text message sent to 7688548847
2026-08-25 20:35:01,039 - notifier - INFO - SENT: Alert sent to 7688548847 for item 9778779838
2026-08-25 20:35:04,514 - bot - INFO - NEW MATCH: iPhone 12 - Item 9778767069
2026-08-25 20:35:10,343 - notifier - INFO - SENT: Text message sent to 7688548847
2026-08-25 20:35:10,343 - notifier - INFO - SENT: Alert sent to 7688548847 for item 9778767069
2026-08-25 20:35:13,411 - bot - INFO - NEW MATCH: iPhone 12 - Item 9778667794
2026-08-25 20:35:18,243 - notifier - INFO - SENT: Text message sent to 7688548847
2026-08-25 20:35:18,244 - notifier - INFO - SENT: Alert sent to 7688548847 for item 9778667794
2026-08-25 20:35:21,543 - bot - INFO - NEW MATCH: iPhone 12 - Item 9778639729
2026-08-25 20:35:26,257 - notifier - INFO - SENT: Text message sent to 7688548847
2026-08-25 20:35:26,257 - notifier - INFO - SENT: Alert sent to 7688548847 for item 9778639729
2026-08-25 20:35:29,954 - bot - INFO - NEW MATCH: iPhone 12 - Item 9778331014
2026-08-25 20:35:34,561 - notifier - INFO - SENT: Text message sent to 7688548847
2026-08-25 20:35:34,562 - notifier - INFO - SENT: Alert sent to 7688548847 for item 9778331014
2026-08-25 20:35:34,572 - bot - INFO - Detail limit reached for 'iPhone 12' (10); remaining unseen items will be checked next cycle
2026-08-25 20:35:34,572 - bot - INFO - Search summary 'iPhone 12': matched=8, already_seen=0, filtered_out=3, detail_failed=0, dry_run=False
2026-08-25 20:35:34,572 - bot - INFO - Running search: iPhone 12 Pro
2026-08-25 20:35:37,759 - bot - INFO - Found 96 items for 'iPhone 12 Pro'
2026-08-25 20:35:40,738 - bot - INFO - NEW MATCH: iPhone 12 Pro - Item 9769075204
2026-08-25 20:35:46,916 - notifier - INFO - SENT: Text message sent to 7688548847
2026-08-25 20:35:46,916 - notifier - INFO - SENT: Alert sent to 7688548847 for item 9769075204
2026-08-25 20:35:57,871 - bot - INFO - NEW MATCH: iPhone 12 Pro - Item 9757964755
2026-08-25 20:36:04,069 - notifier - INFO - SENT: Text message sent to 7688548847
2026-08-25 20:36:04,070 - notifier - INFO - SENT: Alert sent to 7688548847 for item 9757964755
2026-08-25 20:36:28,039 - bot - INFO - NEW MATCH: iPhone 12 Pro - Item 9747953184
2026-08-25 20:36:45,884 - notifier - INFO - SENT: Text message sent to 7688548847
2026-08-25 20:36:45,885 - notifier - INFO - SENT: Alert sent to 7688548847 for item 9747953184
2026-08-25 20:36:49,956 - bot - INFO - NEW MATCH: iPhone 12 Pro - Item 9746909267
2026-08-25 20:37:02,533 - notifier - INFO - SENT: Text message sent to 7688548847
2026-08-25 20:37:02,534 - notifier - INFO - SENT: Alert sent to 7688548847 for item 9746909267
2026-08-25 20:37:09,668 - bot - INFO - NEW MATCH: iPhone 12 Pro - Item 9739182016
2026-08-25 20:37:17,817 - notifier - INFO - SENT: Text message sent to 7688548847
2026-08-25 20:37:17,818 - notifier - INFO - SENT: Alert sent to 7688548847 for item 9739182016
2026-08-25 20:37:17,836 - bot - INFO - Detail limit reached for 'iPhone 12 Pro' (10); remaining unseen items will be checked next cycle
2026-08-25 20:37:17,836 - bot - INFO - Search summary 'iPhone 12 Pro': matched=5, already_seen=3, filtered_out=5, detail_failed=0, dry_run=False
2026-08-25 20:37:17,837 - bot - INFO - Running search: iPhone 12 Pro Max
2026-08-25 20:37:21,500 - bot - INFO - Found 96 items for 'iPhone 12 Pro Max'
2026-08-25 20:37:24,466 - bot - INFO - NEW MATCH: iPhone 12 Pro Max - Item 9775075746
2026-08-25 20:37:31,819 - notifier - INFO - SENT: Text message sent to 7688548847
2026-08-25 20:37:31,819 - notifier - INFO - SENT: Alert sent to 7688548847 for item 9775075746
2026-08-25 20:37:34,817 - bot - INFO - NEW MATCH: iPhone 12 Pro Max - Item 9771619331
2026-08-25 20:37:41,756 - notifier - INFO - SENT: Text message sent to 7688548847
2026-08-25 20:37:41,756 - notifier - INFO - SENT: Alert sent to 7688548847 for item 9771619331
2026-08-25 20:37:45,043 - bot - INFO - NEW MATCH: iPhone 12 Pro Max - Item 9765352020
2026-08-25 20:37:51,821 - notifier - INFO - SENT: Text message sent to 7688548847
2026-08-25 20:37:51,822 - notifier - INFO - SENT: Alert sent to 7688548847 for item 9765352020
2026-08-25 20:37:55,902 - bot - INFO - NEW MATCH: iPhone 12 Pro Max - Item 9760575404
2026-08-25 20:38:02,902 - notifier - INFO - SENT: Text message sent to 7688548847
2026-08-25 20:38:02,903 - notifier - INFO - SENT: Alert sent to 7688548847 for item 9760575404
2026-08-25 20:38:05,634 - bot - INFO - NEW MATCH: iPhone 12 Pro Max - Item 9758205310
2026-08-25 20:38:08,815 - notifier - WARNING - Telegram network error: ConnectionError. Retrying after 6s.
2026-08-25 20:38:22,871 - notifier - INFO - SENT: Text message sent to 7688548847
2026-08-25 20:38:22,872 - notifier - INFO - SENT: Alert sent to 7688548847 for item 9758205310
2026-08-25 20:38:25,719 - bot - INFO - NEW MATCH: iPhone 12 Pro Max - Item 9765819857
2026-08-25 20:38:34,826 - notifier - INFO - SENT: Text message sent to 7688548847
2026-08-25 20:38:34,827 - notifier - INFO - SENT: Alert sent to 7688548847 for item 9765819857
2026-08-25 20:38:37,634 - bot - INFO - NEW MATCH: iPhone 12 Pro Max - Item 9757333666
2026-08-25 20:38:44,929 - notifier - INFO - SENT: Text message sent to 7688548847
2026-08-25 20:38:44,929 - notifier - INFO - SENT: Alert sent to 7688548847 for item 9757333666
2026-08-25 20:38:48,307 - bot - INFO - NEW MATCH: iPhone 12 Pro Max - Item 9755278522
2026-08-25 20:38:54,820 - notifier - INFO - SENT: Text message sent to 7688548847
2026-08-25 20:38:54,821 - notifier - INFO - SENT: Alert sent to 7688548847 for item 9755278522
2026-08-25 20:38:57,749 - bot - INFO - NEW MATCH: iPhone 12 Pro Max - Item 9749923478
2026-08-25 20:39:06,821 - notifier - INFO - SENT: Text message sent to 7688548847
2026-08-25 20:39:06,822 - notifier - INFO - SENT: Alert sent to 7688548847 for item 9749923478
2026-08-25 20:39:09,679 - bot - INFO - NEW MATCH: iPhone 12 Pro Max - Item 9743068260
2026-08-25 20:39:17,822 - notifier - INFO - SENT: Text message sent to 7688548847
2026-08-25 20:39:17,823 - notifier - INFO - SENT: Alert sent to 7688548847 for item 9743068260
2026-08-25 20:39:17,843 - bot - INFO - Detail limit reached for 'iPhone 12 Pro Max' (10); remaining unseen items will be checked next cycle
2026-08-25 20:39:17,844 - bot - INFO - Search summary 'iPhone 12 Pro Max': matched=10, already_seen=2, filtered_out=0, detail_failed=0, dry_run=False
2026-08-25 20:39:17,844 - bot - INFO - Running search: iPhone 13
2026-08-25 20:39:19,443 - bot - INFO - Found 96 items for 'iPhone 13'
2026-08-25 20:39:22,355 - bot - INFO - NEW MATCH: iPhone 13 - Item 9778897251
2026-08-25 20:39:28,876 - notifier - INFO - SENT: Text message sent to 7688548847
2026-08-25 20:39:28,877 - notifier - INFO - SENT: Alert sent to 7688548847 for item 9778897251
2026-08-25 20:39:32,192 - bot - INFO - NEW MATCH: iPhone 13 - Item 9779155129
2026-08-25 20:39:38,823 - notifier - INFO - SENT: Text message sent to 7688548847
2026-08-25 20:39:38,824 - notifier - INFO - SENT: Alert sent to 7688548847 for item 9779155129
2026-08-25 20:39:41,789 - bot - INFO - NEW MATCH: iPhone 13 - Item 9777679594
2026-08-25 20:39:44,845 - notifier - WARNING - Telegram network error: ConnectionError. Retrying after 6s.
2026-08-25 20:39:57,824 - notifier - INFO - SENT: Text message sent to 7688548847
2026-08-25 20:39:57,824 - notifier - INFO - SENT: Alert sent to 7688548847 for item 9777679594
2026-08-25 20:40:03,326 - bot - INFO - NEW MATCH: iPhone 13 - Item 9777544795
2026-08-25 20:40:09,854 - notifier - INFO - SENT: Text message sent to 7688548847
2026-08-25 20:40:09,854 - notifier - INFO - SENT: Alert sent to 7688548847 for item 9777544795
2026-08-25 20:40:12,374 - bot - INFO - NEW MATCH: iPhone 13 - Item 9776117067
2026-08-25 20:40:18,863 - notifier - WARNING - Telegram network error: ConnectionError. Retrying after 6s.
2026-08-25 20:40:28,821 - notifier - INFO - SENT: Text message sent to 7688548847
2026-08-25 20:40:28,821 - notifier - INFO - SENT: Alert sent to 7688548847 for item 9776117067
2026-08-25 20:40:40,059 - bot - INFO - NEW MATCH: iPhone 13 - Item 9774858553
2026-08-25 20:40:44,984 - notifier - INFO - SENT: Text message sent to 7688548847
2026-08-25 20:40:44,985 - notifier - INFO - SENT: Alert sent to 7688548847 for item 9774858553
2026-08-25 20:40:48,191 - bot - INFO - NEW MATCH: iPhone 13 - Item 9775066433
2026-08-25 20:40:53,017 - notifier - INFO - SENT: Text message sent to 7688548847
2026-08-25 20:40:53,017 - notifier - INFO - SENT: Alert sent to 7688548847 for item 9775066433
2026-08-25 20:40:53,039 - bot - INFO - Detail limit reached for 'iPhone 13' (10); remaining unseen items will be checked next cycle
2026-08-25 20:40:53,040 - bot - INFO - Search summary 'iPhone 13': matched=7, already_seen=0, filtered_out=4, detail_failed=0, dry_run=False
2026-08-25 20:40:53,041 - bot - INFO - Running search: iPhone 13 Pro
2026-08-25 20:40:55,595 - bot - INFO - Found 96 items for 'iPhone 13 Pro'
2026-08-25 20:40:58,860 - bot - INFO - NEW MATCH: iPhone 13 Pro - Item 9777520589
2026-08-25 20:41:03,396 - notifier - INFO - SENT: Text message sent to 7688548847
2026-08-25 20:41:03,397 - notifier - INFO - SENT: Alert sent to 7688548847 for item 9777520589
2026-08-25 20:41:06,987 - bot - INFO - NEW MATCH: iPhone 13 Pro - Item 9774277706
2026-08-25 20:41:13,060 - notifier - INFO - SENT: Text message sent to 7688548847
2026-08-25 20:41:13,060 - notifier - INFO - SENT: Alert sent to 7688548847 for item 9774277706
2026-08-25 20:41:17,441 - bot - INFO - NEW MATCH: iPhone 13 Pro - Item 9774525105
2026-08-25 20:41:21,150 - notifier - INFO - SENT: Text message sent to 7688548847
2026-08-25 20:41:21,150 - notifier - INFO - SENT: Alert sent to 7688548847 for item 9774525105
2026-08-25 20:41:24,184 - bot - INFO - NEW MATCH: iPhone 13 Pro - Item 9774431276
2026-08-25 20:41:28,348 - notifier - INFO - SENT: Text message sent to 7688548847
2026-08-25 20:41:28,349 - notifier - INFO - SENT: Alert sent to 7688548847 for item 9774431276
2026-08-25 20:41:31,505 - bot - INFO - NEW MATCH: iPhone 13 Pro - Item 9772817164
2026-08-25 20:41:35,613 - notifier - INFO - SENT: Text message sent to 7688548847
2026-08-25 20:41:35,614 - notifier - INFO - SENT: Alert sent to 7688548847 for item 9772817164
2026-08-25 20:41:38,258 - bot - INFO - NEW MATCH: iPhone 13 Pro - Item 9772604123
2026-08-25 20:41:42,496 - notifier - INFO - SENT: Text message sent to 7688548847
2026-08-25 20:41:42,496 - notifier - INFO - SENT: Alert sent to 7688548847 for item 9772604123
2026-08-25 20:41:51,499 - bot - INFO - NEW MATCH: iPhone 13 Pro - Item 9767702284
2026-08-25 20:41:56,671 - notifier - INFO - SENT: Text message sent to 7688548847
2026-08-25 20:41:56,671 - notifier - INFO - SENT: Alert sent to 7688548847 for item 9767702284
2026-08-25 20:41:59,427 - bot - INFO - NEW MATCH: iPhone 13 Pro - Item 9768860270
2026-08-25 20:42:03,233 - notifier - INFO - SENT: Text message sent to 7688548847
2026-08-25 20:42:03,233 - notifier - INFO - SENT: Alert sent to 7688548847 for item 9768860270
2026-08-25 20:42:03,257 - bot - INFO - Detail limit reached for 'iPhone 13 Pro' (10); remaining unseen items will be checked next cycle
2026-08-25 20:42:03,258 - bot - INFO - Search summary 'iPhone 13 Pro': matched=8, already_seen=1, filtered_out=3, detail_failed=0, dry_run=False
2026-08-25 20:42:03,258 - bot - INFO - Running search: iPhone 13 Pro Max
2026-08-25 20:42:06,148 - bot - INFO - Found 96 items for 'iPhone 13 Pro Max'
2026-08-25 20:42:09,064 - bot - INFO - NEW MATCH: iPhone 13 Pro Max - Item 9769524824
2026-08-25 20:42:12,937 - notifier - INFO - SENT: Text message sent to 7688548847
2026-08-25 20:42:12,938 - notifier - INFO - SENT: Alert sent to 7688548847 for item 9769524824
2026-08-25 20:42:15,456 - bot - INFO - NEW MATCH: iPhone 13 Pro Max - Item 9762395218
2026-08-25 20:42:19,474 - notifier - INFO - SENT: Text message sent to 7688548847
2026-08-25 20:42:19,475 - notifier - INFO - SENT: Alert sent to 7688548847 for item 9762395218
2026-08-25 20:42:21,920 - bot - INFO - NEW MATCH: iPhone 13 Pro Max - Item 9762626047
2026-08-25 20:42:26,328 - notifier - INFO - SENT: Text message sent to 7688548847
2026-08-25 20:42:26,329 - notifier - INFO - SENT: Alert sent to 7688548847 for item 9762626047
2026-08-25 20:42:36,803 - bot - INFO - NEW MATCH: iPhone 13 Pro Max - Item 9758573750
2026-08-25 20:42:49,767 - notifier - INFO - SENT: Text message sent to 7688548847
2026-08-25 20:42:49,767 - notifier - INFO - SENT: Alert sent to 7688548847 for item 9758573750
2026-08-25 20:42:52,743 - bot - INFO - NEW MATCH: iPhone 13 Pro Max - Item 9754475364
2026-08-25 20:42:56,909 - notifier - INFO - SENT: Text message sent to 7688548847
2026-08-25 20:42:56,909 - notifier - INFO - SENT: Alert sent to 7688548847 for item 9754475364
2026-08-25 20:43:03,972 - bot - INFO - NEW MATCH: iPhone 13 Pro Max - Item 9739705842
2026-08-25 20:43:11,624 - notifier - INFO - SENT: Text message sent to 7688548847
2026-08-25 20:43:11,625 - notifier - INFO - SENT: Alert sent to 7688548847 for item 9739705842
2026-08-25 20:43:14,316 - bot - INFO - NEW MATCH: iPhone 13 Pro Max - Item 9738587195
2026-08-25 20:43:23,881 - notifier - INFO - SENT: Text message sent to 7688548847
2026-08-25 20:43:23,882 - notifier - INFO - SENT: Alert sent to 7688548847 for item 9738587195
2026-08-25 20:43:23,905 - bot - INFO - Detail limit reached for 'iPhone 13 Pro Max' (10); remaining unseen items will be checked next cycle
2026-08-25 20:43:23,906 - bot - INFO - Search summary 'iPhone 13 Pro Max': matched=7, already_seen=9, filtered_out=3, detail_failed=0, dry_run=False
2026-08-25 20:43:23,906 - bot - INFO - Running search: iPhone 14
2026-08-25 20:43:29,264 - bot - INFO - Found 96 items for 'iPhone 14'
2026-08-25 20:43:33,317 - bot - INFO - NEW MATCH: iPhone 14 - Item 9779172723
2026-08-25 20:43:41,773 - notifier - INFO - SENT: Text message sent to 7688548847
2026-08-25 20:43:41,773 - notifier - INFO - SENT: Alert sent to 7688548847 for item 9779172723
2026-08-25 20:43:45,001 - bot - INFO - NEW MATCH: iPhone 14 - Item 9779021894
2026-08-25 20:43:50,414 - notifier - INFO - SENT: Text message sent to 7688548847
2026-08-25 20:43:50,414 - notifier - INFO - SENT: Alert sent to 7688548847 for item 9779021894
2026-08-25 20:43:54,627 - bot - INFO - NEW MATCH: iPhone 14 - Item 9778610769
2026-08-25 20:43:59,152 - notifier - INFO - SENT: Text message sent to 7688548847
2026-08-25 20:43:59,153 - notifier - INFO - SENT: Alert sent to 7688548847 for item 9778610769
2026-08-25 20:44:01,966 - bot - INFO - NEW MATCH: iPhone 14 - Item 9778081555
2026-08-25 20:44:07,567 - notifier - INFO - SENT: Text message sent to 7688548847
2026-08-25 20:44:07,568 - notifier - INFO - SENT: Alert sent to 7688548847 for item 9778081555
2026-08-25 20:44:10,168 - bot - INFO - NEW MATCH: iPhone 14 - Item 9777890749
2026-08-25 20:44:15,240 - notifier - INFO - SENT: Text message sent to 7688548847
2026-08-25 20:44:15,240 - notifier - INFO - SENT: Alert sent to 7688548847 for item 9777890749
2026-08-25 20:44:18,430 - bot - INFO - NEW MATCH: iPhone 14 - Item 9777721036
2026-08-25 20:44:23,077 - notifier - INFO - SENT: Text message sent to 7688548847
2026-08-25 20:44:23,078 - notifier - INFO - SENT: Alert sent to 7688548847 for item 9777721036
2026-08-25 20:44:25,908 - bot - INFO - NEW MATCH: iPhone 14 - Item 9777719328
2026-08-25 20:44:30,705 - notifier - INFO - SENT: Text message sent to 7688548847
2026-08-25 20:44:30,706 - notifier - INFO - SENT: Alert sent to 7688548847 for item 9777719328
2026-08-25 20:44:33,907 - bot - INFO - NEW MATCH: iPhone 14 - Item 9777504068
2026-08-25 20:44:39,568 - notifier - INFO - SENT: Text message sent to 7688548847
2026-08-25 20:44:39,568 - notifier - INFO - SENT: Alert sent to 7688548847 for item 9777504068
2026-08-25 20:44:43,814 - bot - INFO - NEW MATCH: iPhone 14 - Item 9776574646
2026-08-25 20:44:49,139 - notifier - INFO - SENT: Text message sent to 7688548847
2026-08-25 20:44:49,139 - notifier - INFO - SENT: Alert sent to 7688548847 for item 9776574646
2026-08-25 20:44:52,634 - bot - INFO - NEW MATCH: iPhone 14 - Item 9775484555
2026-08-25 20:44:56,393 - notifier - INFO - SENT: Text message sent to 7688548847
2026-08-25 20:44:56,393 - notifier - INFO - SENT: Alert sent to 7688548847 for item 9775484555
2026-08-25 20:44:56,416 - bot - INFO - Detail limit reached for 'iPhone 14' (10); remaining unseen items will be checked next cycle
2026-08-25 20:44:56,416 - bot - INFO - Search summary 'iPhone 14': matched=10, already_seen=0, filtered_out=1, detail_failed=0, dry_run=False
2026-08-25 20:44:56,417 - bot - INFO - Running search: iPhone 14 Plus
2026-08-25 20:44:59,219 - bot - INFO - Found 96 items for 'iPhone 14 Plus'
2026-08-25 20:45:02,253 - bot - INFO - NEW MATCH: iPhone 14 Plus - Item 9778513178
2026-08-25 20:45:06,918 - notifier - INFO - SENT: Text message sent to 7688548847
2026-08-25 20:45:06,919 - notifier - INFO - SENT: Alert sent to 7688548847 for item 9778513178
2026-08-25 20:45:14,459 - bot - INFO - NEW MATCH: iPhone 14 Plus - Item 9775499795
2026-08-25 20:45:19,519 - notifier - INFO - SENT: Text message sent to 7688548847
2026-08-25 20:45:19,520 - notifier - INFO - SENT: Alert sent to 7688548847 for item 9775499795
2026-08-25 20:45:23,234 - bot - INFO - NEW MATCH: iPhone 14 Plus - Item 9775151103
2026-08-25 20:45:27,573 - notifier - INFO - SENT: Text message sent to 7688548847
2026-08-25 20:45:27,573 - notifier - INFO - SENT: Alert sent to 7688548847 for item 9775151103
2026-08-25 20:45:31,145 - bot - INFO - NEW MATCH: iPhone 14 Plus - Item 9768913930
2026-08-25 20:45:35,473 - notifier - INFO - SENT: Text message sent to 7688548847
2026-08-25 20:45:35,474 - notifier - INFO - SENT: Alert sent to 7688548847 for item 9768913930
2026-08-25 20:45:38,731 - bot - INFO - NEW MATCH: iPhone 14 Plus - Item 9772461669
2026-08-25 20:45:42,986 - notifier - INFO - SENT: Text message sent to 7688548847
2026-08-25 20:45:42,987 - notifier - INFO - SENT: Alert sent to 7688548847 for item 9772461669
2026-08-25 20:45:46,324 - bot - INFO - NEW MATCH: iPhone 14 Plus - Item 9771220757
2026-08-25 20:45:51,249 - notifier - INFO - SENT: Text message sent to 7688548847
2026-08-25 20:45:51,250 - notifier - INFO - SENT: Alert sent to 7688548847 for item 9771220757
2026-08-25 20:45:54,410 - bot - INFO - NEW MATCH: iPhone 14 Plus - Item 9769132575
2026-08-25 20:45:58,461 - notifier - INFO - SENT: Text message sent to 7688548847
2026-08-25 20:45:58,461 - notifier - INFO - SENT: Alert sent to 7688548847 for item 9769132575
2026-08-25 20:46:01,723 - bot - INFO - NEW MATCH: iPhone 14 Plus - Item 9766906895
2026-08-25 20:46:06,300 - notifier - INFO - SENT: Text message sent to 7688548847
2026-08-25 20:46:06,301 - notifier - INFO - SENT: Alert sent to 7688548847 for item 9766906895
2026-08-25 20:46:09,052 - bot - INFO - NEW MATCH: iPhone 14 Plus - Item 9767434869
2026-08-25 20:46:15,527 - notifier - INFO - SENT: Text message sent to 7688548847
2026-08-25 20:46:15,528 - notifier - INFO - SENT: Alert sent to 7688548847 for item 9767434869
2026-08-25 20:46:15,535 - bot - INFO - Detail limit reached for 'iPhone 14 Plus' (10); remaining unseen items will be checked next cycle
2026-08-25 20:46:15,536 - bot - INFO - Search summary 'iPhone 14 Plus': matched=9, already_seen=0, filtered_out=1, detail_failed=0, dry_run=False
2026-08-25 20:46:15,536 - bot - INFO - Running search: iPhone 14 Pro
2026-08-25 20:46:18,081 - bot - INFO - Found 96 items for 'iPhone 14 Pro'
2026-08-25 20:46:21,103 - bot - INFO - NEW MATCH: iPhone 14 Pro - Item 9779355786
2026-08-25 20:46:26,076 - notifier - INFO - SENT: Text message sent to 7688548847
2026-08-25 20:46:26,077 - notifier - INFO - SENT: Alert sent to 7688548847 for item 9779355786
2026-08-25 20:46:28,907 - bot - INFO - NEW MATCH: iPhone 14 Pro - Item 9777367243
2026-08-25 20:46:30,207 - notifier - WARNING - Photo send by URL failed for item 9777367243; trying download/upload fallback: Telegram API error 400: Bad Request: failed to get HTTP URL content
2026-08-25 20:46:38,837 - notifier - INFO - SENT: Text message sent to 7688548847
2026-08-25 20:46:38,837 - notifier - INFO - SENT: Alert sent to 7688548847 for item 9777367243
2026-08-25 20:46:44,268 - bot - INFO - NEW MATCH: iPhone 14 Pro - Item 9768931695
2026-08-25 20:46:48,691 - notifier - INFO - SENT: Text message sent to 7688548847
2026-08-25 20:46:48,691 - notifier - INFO - SENT: Alert sent to 7688548847 for item 9768931695
2026-08-25 20:46:51,525 - bot - INFO - NEW MATCH: iPhone 14 Pro - Item 9768407426
2026-08-25 20:46:56,105 - notifier - INFO - SENT: Text message sent to 7688548847
2026-08-25 20:46:56,105 - notifier - INFO - SENT: Alert sent to 7688548847 for item 9768407426
2026-08-25 20:46:58,751 - bot - INFO - NEW MATCH: iPhone 14 Pro - Item 9771404185
2026-08-25 20:47:02,648 - notifier - INFO - SENT: Text message sent to 7688548847
2026-08-25 20:47:02,648 - notifier - INFO - SENT: Alert sent to 7688548847 for item 9771404185
2026-08-25 20:47:05,316 - bot - INFO - NEW MATCH: iPhone 14 Pro - Item 9761896348
2026-08-25 20:47:10,313 - notifier - INFO - SENT: Text message sent to 7688548847
2026-08-25 20:47:10,313 - notifier - INFO - SENT: Alert sent to 7688548847 for item 9761896348
2026-08-25 20:47:13,038 - bot - INFO - NEW MATCH: iPhone 14 Pro - Item 9739908193
2026-08-25 20:47:17,498 - notifier - INFO - SENT: Text message sent to 7688548847
2026-08-25 20:47:17,498 - notifier - INFO - SENT: Alert sent to 7688548847 for item 9739908193
2026-08-25 20:47:20,795 - bot - INFO - NEW MATCH: iPhone 14 Pro - Item 9732191605
2026-08-25 20:47:25,439 - notifier - INFO - SENT: Text message sent to 7688548847
2026-08-25 20:47:25,440 - notifier - INFO - SENT: Alert sent to 7688548847 for item 9732191605
2026-08-25 20:47:28,554 - bot - INFO - NEW MATCH: iPhone 14 Pro - Item 9729134514
2026-08-25 20:47:33,009 - notifier - INFO - SENT: Text message sent to 7688548847
2026-08-25 20:47:33,009 - notifier - INFO - SENT: Alert sent to 7688548847 for item 9729134514
2026-08-25 20:47:33,030 - bot - INFO - Detail limit reached for 'iPhone 14 Pro' (10); remaining unseen items will be checked next cycle
2026-08-25 20:47:33,031 - bot - INFO - Search summary 'iPhone 14 Pro': matched=9, already_seen=1, filtered_out=5, detail_failed=0, dry_run=False
2026-08-25 20:47:33,031 - bot - INFO - Running search: iPhone 14 Pro Max
2026-08-25 20:47:35,964 - bot - INFO - Found 96 items for 'iPhone 14 Pro Max'
2026-08-25 20:47:44,343 - bot - INFO - NEW MATCH: iPhone 14 Pro Max - Item 9776654019
2026-08-25 20:47:48,323 - notifier - INFO - SENT: Text message sent to 7688548847
2026-08-25 20:47:48,323 - notifier - INFO - SENT: Alert sent to 7688548847 for item 9776654019
2026-08-25 20:47:50,970 - bot - INFO - NEW MATCH: iPhone 14 Pro Max - Item 9769569998
2026-08-25 20:47:54,997 - notifier - INFO - SENT: Text message sent to 7688548847
2026-08-25 20:47:54,998 - notifier - INFO - SENT: Alert sent to 7688548847 for item 9769569998
2026-08-25 20:47:57,498 - bot - INFO - NEW MATCH: iPhone 14 Pro Max - Item 9760759414
2026-08-25 20:48:01,725 - notifier - INFO - SENT: Text message sent to 7688548847
2026-08-25 20:48:01,725 - notifier - INFO - SENT: Alert sent to 7688548847 for item 9760759414
2026-08-25 20:48:04,698 - bot - INFO - NEW MATCH: iPhone 14 Pro Max - Item 9756221888
2026-08-25 20:48:11,553 - notifier - INFO - SENT: Text message sent to 7688548847
2026-08-25 20:48:11,553 - notifier - INFO - SENT: Alert sent to 7688548847 for item 9756221888
2026-08-25 20:48:14,749 - bot - INFO - NEW MATCH: iPhone 14 Pro Max - Item 9748611456
2026-08-25 20:48:20,580 - notifier - INFO - SENT: Text message sent to 7688548847
2026-08-25 20:48:20,581 - notifier - INFO - SENT: Alert sent to 7688548847 for item 9748611456
2026-08-25 20:48:23,430 - bot - INFO - NEW MATCH: iPhone 14 Pro Max - Item 9739123402
2026-08-25 20:48:27,792 - notifier - INFO - SENT: Text message sent to 7688548847
2026-08-25 20:48:27,793 - notifier - INFO - SENT: Alert sent to 7688548847 for item 9739123402
2026-08-25 20:48:30,489 - bot - INFO - NEW MATCH: iPhone 14 Pro Max - Item 9728263842
2026-08-25 20:48:36,168 - notifier - INFO - SENT: Text message sent to 7688548847
2026-08-25 20:48:36,169 - notifier - INFO - SENT: Alert sent to 7688548847 for item 9728263842
2026-08-25 20:48:38,800 - bot - INFO - NEW MATCH: iPhone 14 Pro Max - Item 9724389575
2026-08-25 20:48:42,746 - notifier - INFO - SENT: Text message sent to 7688548847
2026-08-25 20:48:42,746 - notifier - INFO - SENT: Alert sent to 7688548847 for item 9724389575
2026-08-25 20:48:42,756 - bot - INFO - Detail limit reached for 'iPhone 14 Pro Max' (10); remaining unseen items will be checked next cycle
2026-08-25 20:48:42,756 - bot - INFO - Search summary 'iPhone 14 Pro Max': matched=8, already_seen=10, filtered_out=2, detail_failed=0, dry_run=False
2026-08-25 20:48:42,757 - bot - INFO - Running search: iPhone 15
2026-08-25 20:48:45,179 - bot - INFO - Found 96 items for 'iPhone 15'
2026-08-25 20:48:48,215 - bot - INFO - NEW MATCH: iPhone 15 - Item 9777902630
2026-08-25 20:48:52,599 - notifier - INFO - SENT: Text message sent to 7688548847
2026-08-25 20:48:52,600 - notifier - INFO - SENT: Alert sent to 7688548847 for item 9777902630
2026-08-25 20:48:54,970 - bot - INFO - NEW MATCH: iPhone 15 - Item 9777569732
2026-08-25 20:48:59,542 - notifier - INFO - SENT: Text message sent to 7688548847
2026-08-25 20:48:59,543 - notifier - INFO - SENT: Alert sent to 7688548847 for item 9777569732
2026-08-25 20:49:07,958 - bot - INFO - NEW MATCH: iPhone 15 - Item 9774836664
2026-08-25 20:49:13,124 - notifier - INFO - SENT: Text message sent to 7688548847
2026-08-25 20:49:13,125 - notifier - INFO - SENT: Alert sent to 7688548847 for item 9774836664
2026-08-25 20:49:18,384 - bot - INFO - NEW MATCH: iPhone 15 - Item 9774185393
2026-08-25 20:49:23,305 - notifier - INFO - SENT: Text message sent to 7688548847
2026-08-25 20:49:23,306 - notifier - INFO - SENT: Alert sent to 7688548847 for item 9774185393
2026-08-25 20:49:32,690 - bot - INFO - NEW MATCH: iPhone 15 - Item 9766526527
2026-08-25 20:49:40,894 - notifier - INFO - SENT: Text message sent to 7688548847
2026-08-25 20:49:40,894 - notifier - INFO - SENT: Alert sent to 7688548847 for item 9766526527
2026-08-25 20:49:43,822 - bot - INFO - NEW MATCH: iPhone 15 - Item 9762837676
2026-08-25 20:49:51,740 - notifier - INFO - SENT: Text message sent to 7688548847
2026-08-25 20:49:51,741 - notifier - INFO - SENT: Alert sent to 7688548847 for item 9762837676
2026-08-25 20:49:51,764 - bot - INFO - Detail limit reached for 'iPhone 15' (10); remaining unseen items will be checked next cycle
2026-08-25 20:49:51,764 - bot - INFO - Search summary 'iPhone 15': matched=6, already_seen=0, filtered_out=8, detail_failed=0, dry_run=False
2026-08-25 20:49:51,765 - bot - INFO - Running search: iPhone 15 Plus
2026-08-25 20:49:55,758 - bot - INFO - Found 96 items for 'iPhone 15 Plus'
2026-08-25 20:49:58,843 - bot - INFO - NEW MATCH: iPhone 15 Plus - Item 9777470359
2026-08-25 20:50:03,646 - notifier - INFO - SENT: Text message sent to 7688548847
2026-08-25 20:50:03,647 - notifier - INFO - SENT: Alert sent to 7688548847 for item 9777470359
2026-08-25 20:50:06,611 - bot - INFO - NEW MATCH: iPhone 15 Plus - Item 9771794930
2026-08-25 20:50:12,836 - notifier - INFO - SENT: Text message sent to 7688548847
2026-08-25 20:50:12,836 - notifier - INFO - SENT: Alert sent to 7688548847 for item 9771794930
2026-08-25 20:50:15,512 - bot - INFO - NEW MATCH: iPhone 15 Plus - Item 9771359343
2026-08-25 20:50:20,221 - notifier - INFO - SENT: Text message sent to 7688548847
2026-08-25 20:50:20,221 - notifier - INFO - SENT: Alert sent to 7688548847 for item 9771359343
2026-08-25 20:50:24,315 - bot - INFO - NEW MATCH: iPhone 15 Plus - Item 9770893976
2026-08-25 20:50:29,059 - notifier - INFO - SENT: Text message sent to 7688548847
2026-08-25 20:50:29,059 - notifier - INFO - SENT: Alert sent to 7688548847 for item 9770893976
2026-08-25 20:50:31,913 - bot - INFO - NEW MATCH: iPhone 15 Plus - Item 9766015960
2026-08-26 11:20:02,863 - root - INFO - Starting Vinted Alert Bot...
2026-08-26 11:20:03,827 - root - INFO - Telegram bot validated: @Vinted_go_bot
2026-08-26 11:20:05,689 - notifier - INFO - SENT: Text message sent to 7688548847
2026-08-26 11:20:05,711 - scraper - INFO - Fetching new cookies from https://www.vinted.pt...
2026-08-26 11:20:06,637 - scraper - INFO - Successfully fetched and saved new cookies.
2026-08-26 11:20:06,637 - root - INFO - Running in '--once' mode.
2026-08-26 11:20:06,638 - root - INFO - --- Starting periodic check ---
2026-08-26 11:20:06,638 - bot - INFO - Running search: iPhone XR
2026-08-26 11:20:09,225 - bot - INFO - Found 96 items for 'iPhone XR'
2026-08-26 11:20:11,115 - bot - INFO - NEW MATCH: iPhone XR - Item 9783125628
2026-08-26 11:20:14,125 - notifier - INFO - SENT: Text message sent to 7688548847
2026-08-26 11:20:14,126 - notifier - INFO - SENT: Alert sent to 7688548847 for item 9783125628
2026-08-26 11:20:16,471 - bot - INFO - NEW MATCH: iPhone XR - Item 9782997080
2026-08-26 11:20:19,689 - notifier - INFO - SENT: Text message sent to 7688548847
2026-08-26 11:20:19,690 - notifier - INFO - SENT: Alert sent to 7688548847 for item 9782997080
2026-08-26 11:20:21,612 - bot - INFO - NEW MATCH: iPhone XR - Item 9782775118
2026-08-26 11:20:24,371 - notifier - INFO - SENT: Text message sent to 7688548847
2026-08-26 11:20:24,373 - notifier - INFO - SENT: Alert sent to 7688548847 for item 9782775118
2026-08-26 11:20:26,413 - bot - INFO - NEW MATCH: iPhone XR - Item 9782028090
2026-08-26 11:20:29,700 - notifier - INFO - SENT: Text message sent to 7688548847
2026-08-26 11:20:29,700 - notifier - INFO - SENT: Alert sent to 7688548847 for item 9782028090
2026-08-26 11:20:31,618 - bot - INFO - NEW MATCH: iPhone XR - Item 9781698849
2026-08-26 11:20:34,761 - notifier - INFO - SENT: Text message sent to 7688548847
2026-08-26 11:20:34,762 - notifier - INFO - SENT: Alert sent to 7688548847 for item 9781698849
2026-08-26 11:20:36,967 - bot - INFO - NEW MATCH: iPhone XR - Item 9781554386
2026-08-26 11:20:40,066 - notifier - INFO - SENT: Text message sent to 7688548847
2026-08-26 11:20:40,068 - notifier - INFO - SENT: Alert sent to 7688548847 for item 9781554386
2026-08-26 11:20:44,334 - bot - INFO - NEW MATCH: iPhone XR - Item 9780535135
2026-08-26 11:20:47,815 - notifier - INFO - SENT: Text message sent to 7688548847
2026-08-26 11:20:47,817 - notifier - INFO - SENT: Alert sent to 7688548847 for item 9780535135
2026-08-26 11:20:51,725 - bot - INFO - NEW MATCH: iPhone XR - Item 9779732491
2026-08-26 11:20:56,072 - notifier - INFO - SENT: Text message sent to 7688548847
2026-08-26 11:20:56,072 - notifier - INFO - SENT: Alert sent to 7688548847 for item 9779732491
2026-08-26 11:20:56,091 - bot - INFO - Detail limit reached for 'iPhone XR' (10); remaining unseen items will be checked next cycle
2026-08-26 11:20:56,091 - bot - INFO - Search summary 'iPhone XR': matched=8, already_seen=0, filtered_out=2, detail_failed=0, dry_run=False
2026-08-26 11:20:56,092 - bot - INFO - Running search: iPhone 11
2026-08-26 11:20:57,727 - bot - INFO - Found 96 items for 'iPhone 11'
2026-08-26 11:20:59,748 - bot - INFO - NEW MATCH: iPhone 11 - Item 9783357710
2026-08-26 11:21:03,235 - notifier - INFO - SENT: Text message sent to 7688548847
2026-08-26 11:21:03,236 - notifier - INFO - SENT: Alert sent to 7688548847 for item 9783357710
2026-08-26 11:21:05,259 - bot - INFO - NEW MATCH: iPhone 11 - Item 9783352294
2026-08-26 11:21:08,336 - notifier - INFO - SENT: Text message sent to 7688548847
2026-08-26 11:21:08,336 - notifier - INFO - SENT: Alert sent to 7688548847 for item 9783352294
2026-08-26 11:21:14,220 - bot - INFO - NEW MATCH: iPhone 11 - Item 9783343710
2026-08-26 11:21:17,636 - notifier - INFO - SENT: Text message sent to 7688548847
2026-08-26 11:21:17,637 - notifier - INFO - SENT: Alert sent to 7688548847 for item 9783343710
2026-08-26 11:21:19,908 - bot - INFO - NEW MATCH: iPhone 11 - Item 9783169999
2026-08-26 11:21:23,064 - notifier - INFO - SENT: Text message sent to 7688548847
2026-08-26 11:21:23,065 - notifier - INFO - SENT: Alert sent to 7688548847 for item 9783169999
2026-08-26 11:21:29,942 - bot - INFO - NEW MATCH: iPhone 11 - Item 9782853688
2026-08-26 11:21:33,261 - notifier - INFO - SENT: Text message sent to 7688548847
2026-08-26 11:21:33,262 - notifier - INFO - SENT: Alert sent to 7688548847 for item 9782853688
2026-08-26 11:21:37,243 - bot - INFO - NEW MATCH: iPhone 11 - Item 9782422422
2026-08-26 11:21:40,520 - notifier - INFO - SENT: Text message sent to 7688548847
2026-08-26 11:21:40,521 - notifier - INFO - SENT: Alert sent to 7688548847 for item 9782422422
2026-08-26 11:21:42,948 - bot - INFO - NEW MATCH: iPhone 11 - Item 9782419659
2026-08-26 11:21:46,133 - notifier - INFO - SENT: Text message sent to 7688548847
2026-08-26 11:21:46,134 - notifier - INFO - SENT: Alert sent to 7688548847 for item 9782419659
2026-08-26 11:21:46,151 - bot - INFO - Detail limit reached for 'iPhone 11' (10); remaining unseen items will be checked next cycle
2026-08-26 11:21:46,152 - bot - INFO - Search summary 'iPhone 11': matched=7, already_seen=0, filtered_out=3, detail_failed=0, dry_run=False
2026-08-26 11:21:46,152 - bot - INFO - Running search: iPhone 11
2026-08-26 11:21:47,269 - bot - INFO - Found 96 items for 'iPhone 11'
2026-08-26 11:21:49,289 - bot - INFO - NEW MATCH: iPhone 11 - Item 9782286086
2026-08-26 11:21:52,245 - notifier - INFO - SENT: Text message sent to 7688548847
2026-08-26 11:21:52,246 - notifier - INFO - SENT: Alert sent to 7688548847 for item 9782286086
2026-08-26 11:21:54,198 - bot - INFO - NEW MATCH: iPhone 11 - Item 9782267369
2026-08-26 11:21:57,351 - notifier - INFO - SENT: Text message sent to 7688548847
2026-08-26 11:21:57,351 - notifier - INFO - SENT: Alert sent to 7688548847 for item 9782267369
2026-08-26 11:21:59,589 - bot - INFO - NEW MATCH: iPhone 11 - Item 9780540970
2026-08-26 11:22:02,667 - notifier - INFO - SENT: Text message sent to 7688548847
2026-08-26 11:22:02,668 - notifier - INFO - SENT: Alert sent to 7688548847 for item 9780540970
2026-08-26 11:22:04,570 - bot - INFO - NEW MATCH: iPhone 11 - Item 9781906063
2026-08-26 11:22:07,912 - notifier - INFO - SENT: Text message sent to 7688548847
2026-08-26 11:22:07,913 - notifier - INFO - SENT: Alert sent to 7688548847 for item 9781906063
2026-08-26 11:22:10,008 - bot - INFO - NEW MATCH: iPhone 11 - Item 9781988300
2026-08-26 11:22:13,123 - notifier - INFO - SENT: Text message sent to 7688548847
2026-08-26 11:22:13,124 - notifier - INFO - SENT: Alert sent to 7688548847 for item 9781988300
2026-08-26 11:22:17,875 - bot - INFO - NEW MATCH: iPhone 11 - Item 9781776440
2026-08-26 11:22:21,020 - notifier - INFO - SENT: Text message sent to 7688548847
2026-08-26 11:22:21,020 - notifier - INFO - SENT: Alert sent to 7688548847 for item 9781776440
2026-08-26 11:22:24,845 - bot - INFO - NEW MATCH: iPhone 11 - Item 9781350750
2026-08-26 11:22:27,860 - notifier - INFO - SENT: Text message sent to 7688548847
2026-08-26 11:22:27,860 - notifier - INFO - SENT: Alert sent to 7688548847 for item 9781350750
2026-08-26 11:22:29,914 - bot - INFO - Detail limit reached for 'iPhone 11' (10); remaining unseen items will be checked next cycle
2026-08-26 11:22:29,914 - bot - INFO - Search summary 'iPhone 11': matched=7, already_seen=10, filtered_out=3, detail_failed=0, dry_run=False
2026-08-26 11:22:29,914 - bot - INFO - Running search: iPhone 11 Pro Max
2026-08-26 11:22:33,856 - bot - INFO - Found 96 items for 'iPhone 11 Pro Max'
2026-08-26 11:22:36,177 - bot - INFO - NEW MATCH: iPhone 11 Pro Max - Item 9780317378
2026-08-26 11:22:39,691 - notifier - INFO - SENT: Text message sent to 7688548847
2026-08-26 11:22:39,692 - notifier - INFO - SENT: Alert sent to 7688548847 for item 9780317378
2026-08-26 11:22:42,202 - bot - INFO - NEW MATCH: iPhone 11 Pro Max - Item 9759680057
2026-08-26 11:22:45,439 - notifier - INFO - SENT: Text message sent to 7688548847
2026-08-26 11:22:45,440 - notifier - INFO - SENT: Alert sent to 7688548847 for item 9759680057
2026-08-26 11:22:49,589 - bot - INFO - NEW MATCH: iPhone 11 Pro Max - Item 9751881722
2026-08-26 11:22:53,014 - notifier - INFO - SENT: Text message sent to 7688548847
2026-08-26 11:22:53,015 - notifier - INFO - SENT: Alert sent to 7688548847 for item 9751881722
2026-08-26 11:22:55,271 - bot - INFO - NEW MATCH: iPhone 11 Pro Max - Item 9751028763
2026-08-26 11:22:58,280 - notifier - INFO - SENT: Text message sent to 7688548847
2026-08-26 11:22:58,281 - notifier - INFO - SENT: Alert sent to 7688548847 for item 9751028763
2026-08-26 11:23:02,347 - bot - INFO - NEW MATCH: iPhone 11 Pro Max - Item 9742567578
2026-08-26 11:23:05,727 - notifier - INFO - SENT: Text message sent to 7688548847
2026-08-26 11:23:05,727 - notifier - INFO - SENT: Alert sent to 7688548847 for item 9742567578
2026-08-26 11:23:10,360 - bot - INFO - NEW MATCH: iPhone 11 Pro Max - Item 9737075564
2026-08-26 11:23:13,308 - notifier - INFO - SENT: Text message sent to 7688548847
2026-08-26 11:23:13,310 - notifier - INFO - SENT: Alert sent to 7688548847 for item 9737075564
2026-08-26 11:23:15,314 - bot - INFO - NEW MATCH: iPhone 11 Pro Max - Item 9734814380
2026-08-26 11:23:18,584 - notifier - INFO - SENT: Text message sent to 7688548847
2026-08-26 11:23:18,584 - notifier - INFO - SENT: Alert sent to 7688548847 for item 9734814380
2026-08-26 11:23:18,590 - bot - INFO - Detail limit reached for 'iPhone 11 Pro Max' (10); remaining unseen items will be checked next cycle
2026-08-26 11:23:18,590 - bot - INFO - Search summary 'iPhone 11 Pro Max': matched=7, already_seen=12, filtered_out=3, detail_failed=0, dry_run=False
2026-08-26 11:23:18,590 - bot - INFO - Running search: iPhone 12
2026-08-26 11:23:19,823 - bot - INFO - Found 96 items for 'iPhone 12'
2026-08-26 11:23:21,772 - bot - INFO - NEW MATCH: iPhone 12 - Item 9783347146
2026-08-26 11:23:25,729 - notifier - INFO - SENT: Text message sent to 7688548847
2026-08-26 11:23:25,730 - notifier - INFO - SENT: Alert sent to 7688548847 for item 9783347146
2026-08-26 11:23:27,967 - bot - INFO - NEW MATCH: iPhone 12 - Item 9783291783
2026-08-26 11:23:30,986 - notifier - INFO - SENT: Text message sent to 7688548847
2026-08-26 11:23:30,987 - notifier - INFO - SENT: Alert sent to 7688548847 for item 9783291783
2026-09-22 00:44:50,862 - root - INFO - Starting Vinted Alert Bot...
2026-09-22 00:44:52,525 - root - INFO - Telegram bot validated: @Vinted_go_bot
2026-09-22 00:44:55,341 - notifier - INFO - SENT: Text message sent to 7688548847
2026-09-22 00:44:55,359 - scraper - INFO - Fetching new cookies from https://www.vinted.pt...
2026-09-22 00:44:57,682 - scraper - INFO - Successfully fetched and saved new cookies.
2026-09-22 00:44:59,872 - root - INFO - Telegram commands enabled: /pause, /resume, /status, /search
2026-09-22 00:44:59,872 - root - INFO - Running in scheduler mode. Interval: 30 minutes.
2026-09-22 00:44:59,876 - root - INFO - --- Starting periodic check ---
2026-09-22 00:44:59,876 - bot - INFO - Running search: PlayStation 5
2026-09-22 00:45:00,200 - scraper - ERROR - Error scraping https://www.vinted.pt/api/v2/catalog/items?search_text=ps5 playstation 5&currency=EUR&order=newest_first&per_page=96&price_from=200&price_to=420&status_ids[]=2&status_ids[]=3&status_ids[]=4&page=1: 404 Client Error: Not Found for url: https://www.vinted.pt/api/v2/catalog/items?search_text=ps5%20playstation%205&currency=EUR&order=newest_first&per_page=96&price_from=200&price_to=420&status_ids%5B%5D=2&status_ids%5B%5D=3&status_ids%5B%5D=4&page=1
2026-09-22 00:45:00,201 - bot - INFO - Found 0 items for 'PlayStation 5'
2026-09-22 00:45:00,201 - bot - INFO - Search summary 'PlayStation 5': matched=0, already_seen=0, filtered_out=0, detail_failed=0, dry_run=False
2026-09-22 00:45:00,202 - bot - INFO - Running search: iPhone XR
2026-09-22 00:45:01,225 - scraper - ERROR - Error scraping https://www.vinted.pt/api/v2/catalog/items?search_text=iphone xr&currency=EUR&order=newest_first&per_page=96&price_from=40&price_to=110&page=1: 404 Client Error: Not Found for url: https://www.vinted.pt/api/v2/catalog/items?search_text=iphone%20xr&currency=EUR&order=newest_first&per_page=96&price_from=40&price_to=110&page=1
2026-09-22 00:45:01,226 - bot - INFO - Found 0 items for 'iPhone XR'
2026-09-22 00:45:01,226 - bot - INFO - Search summary 'iPhone XR': matched=0, already_seen=0, filtered_out=0, detail_failed=0, dry_run=False
2026-09-22 00:45:01,226 - bot - INFO - Running search: iPhone 11
2026-09-22 00:45:02,061 - scraper - ERROR - Error scraping https://www.vinted.pt/api/v2/catalog/items?search_text=iphone 11&currency=EUR&order=newest_first&per_page=96&price_from=70&price_to=120&page=1: 404 Client Error: Not Found for url: https://www.vinted.pt/api/v2/catalog/items?search_text=iphone%2011&currency=EUR&order=newest_first&per_page=96&price_from=70&price_to=120&page=1
2026-09-22 00:45:02,061 - bot - INFO - Found 0 items for 'iPhone 11'
2026-09-22 00:45:02,061 - bot - INFO - Search summary 'iPhone 11': matched=0, already_seen=0, filtered_out=0, detail_failed=0, dry_run=False
2026-09-22 00:45:02,061 - bot - INFO - Running search: iPhone 11
2026-09-22 00:45:02,372 - scraper - ERROR - Error scraping https://www.vinted.pt/api/v2/catalog/items?search_text=iphone 11&currency=EUR&order=newest_first&per_page=96&price_from=60&price_to=140&page=1: 404 Client Error: Not Found for url: https://www.vinted.pt/api/v2/catalog/items?search_text=iphone%2011&currency=EUR&order=newest_first&per_page=96&price_from=60&price_to=140&page=1
2026-09-22 00:45:02,372 - bot - INFO - Found 0 items for 'iPhone 11'
2026-09-22 00:45:02,372 - bot - INFO - Search summary 'iPhone 11': matched=0, already_seen=0, filtered_out=0, detail_failed=0, dry_run=False
2026-09-22 00:45:02,372 - bot - INFO - Running search: iPhone 11 Pro Max
2026-09-22 00:45:02,764 - scraper - ERROR - Error scraping https://www.vinted.pt/api/v2/catalog/items?search_text=iphone 11 pro max&currency=EUR&order=newest_first&per_page=96&price_from=120&price_to=210&page=1: 404 Client Error: Not Found for url: https://www.vinted.pt/api/v2/catalog/items?search_text=iphone%2011%20pro%20max&currency=EUR&order=newest_first&per_page=96&price_from=120&price_to=210&page=1
2026-09-22 00:45:02,764 - bot - INFO - Found 0 items for 'iPhone 11 Pro Max'
2026-09-22 00:45:02,764 - bot - INFO - Search summary 'iPhone 11 Pro Max': matched=0, already_seen=0, filtered_out=0, detail_failed=0, dry_run=False
2026-09-22 00:45:02,764 - bot - INFO - Running search: iPhone 12
2026-09-22 00:45:03,106 - scraper - ERROR - Error scraping https://www.vinted.pt/api/v2/catalog/items?search_text=iphone 12&currency=EUR&order=newest_first&per_page=96&price_from=60&price_to=156&page=1: 404 Client Error: Not Found for url: https://www.vinted.pt/api/v2/catalog/items?search_text=iphone%2012&currency=EUR&order=newest_first&per_page=96&price_from=60&price_to=156&page=1
2026-09-22 00:45:03,107 - bot - INFO - Found 0 items for 'iPhone 12'
2026-09-22 00:45:03,108 - bot - INFO - Search summary 'iPhone 12': matched=0, already_seen=0, filtered_out=0, detail_failed=0, dry_run=False
2026-09-22 00:45:03,108 - bot - INFO - Running search: iPhone 12 Pro
2026-09-22 00:45:03,373 - scraper - ERROR - Error scraping https://www.vinted.pt/api/v2/catalog/items?search_text=iphone 12 pro&currency=EUR&order=newest_first&per_page=96&price_from=150&price_to=230&page=1: 404 Client Error: Not Found for url: https://www.vinted.pt/api/v2/catalog/items?search_text=iphone%2012%20pro&currency=EUR&order=newest_first&per_page=96&price_from=150&price_to=230&page=1
2026-09-22 00:45:03,373 - bot - INFO - Found 0 items for 'iPhone 12 Pro'
2026-09-22 00:45:03,374 - bot - INFO - Search summary 'iPhone 12 Pro': matched=0, already_seen=0, filtered_out=0, detail_failed=0, dry_run=False
2026-09-22 00:45:03,374 - bot - INFO - Running search: iPhone 12 Pro Max
2026-09-22 00:45:03,637 - scraper - ERROR - Error scraping https://www.vinted.pt/api/v2/catalog/items?search_text=iphone 12 pro max&currency=EUR&order=newest_first&per_page=96&price_from=180&price_to=260&page=1: 404 Client Error: Not Found for url: https://www.vinted.pt/api/v2/catalog/items?search_text=iphone%2012%20pro%20max&currency=EUR&order=newest_first&per_page=96&price_from=180&price_to=260&page=1
2026-09-22 00:45:03,637 - bot - INFO - Found 0 items for 'iPhone 12 Pro Max'
2026-09-22 00:45:03,637 - bot - INFO - Search summary 'iPhone 12 Pro Max': matched=0, already_seen=0, filtered_out=0, detail_failed=0, dry_run=False
2026-09-22 00:45:03,637 - bot - INFO - Running search: iPhone 13
2026-09-22 00:45:04,007 - scraper - ERROR - Error scraping https://www.vinted.pt/api/v2/catalog/items?search_text=iphone 13&currency=EUR&order=newest_first&per_page=96&price_from=160&price_to=230&page=1: 404 Client Error: Not Found for url: https://www.vinted.pt/api/v2/catalog/items?search_text=iphone%2013&currency=EUR&order=newest_first&per_page=96&price_from=160&price_to=230&page=1
2026-09-22 00:45:04,007 - bot - INFO - Found 0 items for 'iPhone 13'
2026-09-22 00:45:04,007 - bot - INFO - Search summary 'iPhone 13': matched=0, already_seen=0, filtered_out=0, detail_failed=0, dry_run=False
2026-09-22 00:45:04,007 - bot - INFO - Running search: iPhone 13 Pro
2026-09-22 00:45:04,290 - scraper - ERROR - Error scraping https://www.vinted.pt/api/v2/catalog/items?search_text=iphone 13 pro&currency=EUR&order=newest_first&per_page=96&price_from=250&price_to=390&page=1: 404 Client Error: Not Found for url: https://www.vinted.pt/api/v2/catalog/items?search_text=iphone%2013%20pro&currency=EUR&order=newest_first&per_page=96&price_from=250&price_to=390&page=1
2026-09-22 00:45:04,291 - bot - INFO - Found 0 items for 'iPhone 13 Pro'
2026-09-22 00:45:04,292 - bot - INFO - Search summary 'iPhone 13 Pro': matched=0, already_seen=0, filtered_out=0, detail_failed=0, dry_run=False
2026-09-22 00:45:04,292 - bot - INFO - Running search: iPhone 13 Pro Max
2026-09-22 00:45:04,652 - scraper - ERROR - Error scraping https://www.vinted.pt/api/v2/catalog/items?search_text=iphone 13 pro max&currency=EUR&order=newest_first&per_page=96&price_from=270&price_to=420&page=1: 404 Client Error: Not Found for url: https://www.vinted.pt/api/v2/catalog/items?search_text=iphone%2013%20pro%20max&currency=EUR&order=newest_first&per_page=96&price_from=270&price_to=420&page=1
2026-09-22 00:45:04,652 - bot - INFO - Found 0 items for 'iPhone 13 Pro Max'
2026-09-22 00:45:04,653 - bot - INFO - Search summary 'iPhone 13 Pro Max': matched=0, already_seen=0, filtered_out=0, detail_failed=0, dry_run=False
2026-09-22 00:45:04,653 - bot - INFO - Running search: iPhone 14
2026-09-22 00:45:04,908 - scraper - ERROR - Error scraping https://www.vinted.pt/api/v2/catalog/items?search_text=iphone 14&currency=EUR&order=newest_first&per_page=96&price_from=180&price_to=250&page=1: 404 Client Error: Not Found for url: https://www.vinted.pt/api/v2/catalog/items?search_text=iphone%2014&currency=EUR&order=newest_first&per_page=96&price_from=180&price_to=250&page=1
2026-09-22 00:45:04,909 - bot - INFO - Found 0 items for 'iPhone 14'
2026-09-22 00:45:04,909 - bot - INFO - Search summary 'iPhone 14': matched=0, already_seen=0, filtered_out=0, detail_failed=0, dry_run=False
2026-09-22 00:45:04,909 - bot - INFO - Running search: iPhone 14 Plus
2026-09-22 00:45:06,011 - scraper - ERROR - Error scraping https://www.vinted.pt/api/v2/catalog/items?search_text=iphone 14 plus&currency=EUR&order=newest_first&per_page=96&price_from=100&price_to=180&page=1: 404 Client Error: Not Found for url: https://www.vinted.pt/api/v2/catalog/items?search_text=iphone%2014%20plus&currency=EUR&order=newest_first&per_page=96&price_from=100&price_to=180&page=1
2026-09-22 00:45:06,011 - bot - INFO - Found 0 items for 'iPhone 14 Plus'
2026-09-22 00:45:06,011 - bot - INFO - Search summary 'iPhone 14 Plus': matched=0, already_seen=0, filtered_out=0, detail_failed=0, dry_run=False
2026-09-22 00:45:06,011 - bot - INFO - Running search: iPhone 14 Pro
2026-09-22 00:45:06,982 - scraper - ERROR - Error scraping https://www.vinted.pt/api/v2/catalog/items?search_text=iphone 14 pro&currency=EUR&order=newest_first&per_page=96&price_from=290&price_to=370&page=1: 404 Client Error: Not Found for url: https://www.vinted.pt/api/v2/catalog/items?search_text=iphone%2014%20pro&currency=EUR&order=newest_first&per_page=96&price_from=290&price_to=370&page=1
2026-09-22 00:45:06,983 - bot - INFO - Found 0 items for 'iPhone 14 Pro'
2026-09-22 00:45:06,984 - bot - INFO - Search summary 'iPhone 14 Pro': matched=0, already_seen=0, filtered_out=0, detail_failed=0, dry_run=False
2026-09-22 00:45:06,984 - bot - INFO - Running search: iPhone 14 Pro Max
2026-09-22 00:45:07,523 - scraper - ERROR - Error scraping https://www.vinted.pt/api/v2/catalog/items?search_text=iphone 14 pro max&currency=EUR&order=newest_first&per_page=96&price_from=350&price_to=520&page=1: 404 Client Error: Not Found for url: https://www.vinted.pt/api/v2/catalog/items?search_text=iphone%2014%20pro%20max&currency=EUR&order=newest_first&per_page=96&price_from=350&price_to=520&page=1
2026-09-22 00:45:07,523 - bot - INFO - Found 0 items for 'iPhone 14 Pro Max'
2026-09-22 00:45:07,523 - bot - INFO - Search summary 'iPhone 14 Pro Max': matched=0, already_seen=0, filtered_out=0, detail_failed=0, dry_run=False
2026-09-22 00:45:07,524 - bot - INFO - Running search: iPhone 15
2026-09-22 00:45:08,065 - scraper - ERROR - Error scraping https://www.vinted.pt/api/v2/catalog/items?search_text=iphone 15&currency=EUR&order=newest_first&per_page=96&price_from=300&price_to=430&page=1: 404 Client Error: Not Found for url: https://www.vinted.pt/api/v2/catalog/items?search_text=iphone%2015&currency=EUR&order=newest_first&per_page=96&price_from=300&price_to=430&page=1
2026-09-22 00:45:08,065 - bot - INFO - Found 0 items for 'iPhone 15'
2026-09-22 00:45:08,065 - bot - INFO - Search summary 'iPhone 15': matched=0, already_seen=0, filtered_out=0, detail_failed=0, dry_run=False
2026-09-22 00:45:08,066 - bot - INFO - Running search: iPhone 15 Plus
2026-09-22 00:45:08,530 - scraper - ERROR - Error scraping https://www.vinted.pt/api/v2/catalog/items?search_text=iphone 15 plus&currency=EUR&order=newest_first&per_page=96&price_from=200&price_to=340&page=1: 404 Client Error: Not Found for url: https://www.vinted.pt/api/v2/catalog/items?search_text=iphone%2015%20plus&currency=EUR&order=newest_first&per_page=96&price_from=200&price_to=340&page=1
2026-09-22 00:45:08,530 - bot - INFO - Found 0 items for 'iPhone 15 Plus'
2026-09-22 00:45:08,530 - bot - INFO - Search summary 'iPhone 15 Plus': matched=0, already_seen=0, filtered_out=0, detail_failed=0, dry_run=False
2026-09-22 00:45:08,530 - bot - INFO - Running search: iPhone 15 Pro
2026-09-22 00:45:09,086 - scraper - ERROR - Error scraping https://www.vinted.pt/api/v2/catalog/items?search_text=iphone 15 pro&currency=EUR&order=newest_first&per_page=96&price_from=300&price_to=500&page=1: 404 Client Error: Not Found for url: https://www.vinted.pt/api/v2/catalog/items?search_text=iphone%2015%20pro&currency=EUR&order=newest_first&per_page=96&price_from=300&price_to=500&page=1
2026-09-22 00:45:09,087 - bot - INFO - Found 0 items for 'iPhone 15 Pro'
2026-09-22 00:45:09,087 - bot - INFO - Search summary 'iPhone 15 Pro': matched=0, already_seen=0, filtered_out=0, detail_failed=0, dry_run=False
2026-09-22 00:45:09,087 - bot - INFO - Running search: iPhone 15 Pro Max
2026-09-22 00:45:09,527 - scraper - ERROR - Error scraping https://www.vinted.pt/api/v2/catalog/items?search_text=iphone 15 pro max&currency=EUR&order=newest_first&per_page=96&price_from=400&price_to=580&page=1: 404 Client Error: Not Found for url: https://www.vinted.pt/api/v2/catalog/items?search_text=iphone%2015%20pro%20max&currency=EUR&order=newest_first&per_page=96&price_from=400&price_to=580&page=1
2026-09-22 00:45:09,528 - bot - INFO - Found 0 items for 'iPhone 15 Pro Max'
2026-09-22 00:45:09,528 - bot - INFO - Search summary 'iPhone 15 Pro Max': matched=0, already_seen=0, filtered_out=0, detail_failed=0, dry_run=False
2026-09-22 00:45:09,528 - bot - INFO - Running search: iPhone 16
2026-09-22 00:45:09,964 - scraper - ERROR - Error scraping https://www.vinted.pt/api/v2/catalog/items?search_text=iphone 16&currency=EUR&order=newest_first&per_page=96&price_from=400&price_to=600&page=1: 404 Client Error: Not Found for url: https://www.vinted.pt/api/v2/catalog/items?search_text=iphone%2016&currency=EUR&order=newest_first&per_page=96&price_from=400&price_to=600&page=1
2026-09-22 00:45:09,964 - bot - INFO - Found 0 items for 'iPhone 16'
2026-09-22 00:45:09,964 - bot - INFO - Search summary 'iPhone 16': matched=0, already_seen=0, filtered_out=0, detail_failed=0, dry_run=False
2026-09-22 00:45:09,965 - bot - INFO - Running search: iPhone 16 Plus
2026-09-22 00:45:10,529 - scraper - ERROR - Error scraping https://www.vinted.pt/api/v2/catalog/items?search_text=iphone 16 plus&currency=EUR&order=newest_first&per_page=96&price_from=200&price_to=400&page=1: 404 Client Error: Not Found for url: https://www.vinted.pt/api/v2/catalog/items?search_text=iphone%2016%20plus&currency=EUR&order=newest_first&per_page=96&price_from=200&price_to=400&page=1
2026-09-22 00:45:10,529 - bot - INFO - Found 0 items for 'iPhone 16 Plus'
2026-09-22 00:45:10,530 - bot - INFO - Search summary 'iPhone 16 Plus': matched=0, already_seen=0, filtered_out=0, detail_failed=0, dry_run=False
2026-09-22 00:45:10,530 - bot - INFO - Running search: iPhone 16 Pro
2026-09-22 00:45:10,994 - scraper - ERROR - Error scraping https://www.vinted.pt/api/v2/catalog/items?search_text=iphone 16 pro&currency=EUR&order=newest_first&per_page=96&price_from=200&price_to=500&page=1: 404 Client Error: Not Found for url: https://www.vinted.pt/api/v2/catalog/items?search_text=iphone%2016%20pro&currency=EUR&order=newest_first&per_page=96&price_from=200&price_to=500&page=1
2026-09-22 00:45:10,995 - bot - INFO - Found 0 items for 'iPhone 16 Pro'
2026-09-22 00:45:10,995 - bot - INFO - Search summary 'iPhone 16 Pro': matched=0, already_seen=0, filtered_out=0, detail_failed=0, dry_run=False
2026-09-22 00:45:10,996 - bot - INFO - Running search: iPhone 16 Pro Max
2026-09-22 00:45:11,428 - scraper - ERROR - Error scraping https://www.vinted.pt/api/v2/catalog/items?search_text=iphone 16 pro max&currency=EUR&order=newest_first&per_page=96&price_from=200&price_to=620&page=1: 404 Client Error: Not Found for url: https://www.vinted.pt/api/v2/catalog/items?search_text=iphone%2016%20pro%20max&currency=EUR&order=newest_first&per_page=96&price_from=200&price_to=620&page=1
2026-09-22 00:45:11,428 - bot - INFO - Found 0 items for 'iPhone 16 Pro Max'
2026-09-22 00:45:11,429 - bot - INFO - Search summary 'iPhone 16 Pro Max': matched=0, already_seen=0, filtered_out=0, detail_failed=0, dry_run=False
2026-09-22 00:45:11,429 - bot - INFO - Running search: iPhone 17
2026-09-22 00:45:11,924 - scraper - ERROR - Error scraping https://www.vinted.pt/api/v2/catalog/items?search_text=iphone 17&currency=EUR&order=newest_first&per_page=96&price_from=200&price_to=400&page=1: 404 Client Error: Not Found for url: https://www.vinted.pt/api/v2/catalog/items?search_text=iphone%2017&currency=EUR&order=newest_first&per_page=96&price_from=200&price_to=400&page=1
2026-09-22 00:45:11,924 - bot - INFO - Found 0 items for 'iPhone 17'
2026-09-22 00:45:11,925 - bot - INFO - Search summary 'iPhone 17': matched=0, already_seen=0, filtered_out=0, detail_failed=0, dry_run=False
2026-09-22 00:45:11,925 - bot - INFO - Running search: iPhone 17 Pro
2026-09-22 00:45:12,343 - scraper - ERROR - Error scraping https://www.vinted.pt/api/v2/catalog/items?search_text=iphone 17 pro&currency=EUR&order=newest_first&per_page=96&price_from=200&price_to=500&page=1: 404 Client Error: Not Found for url: https://www.vinted.pt/api/v2/catalog/items?search_text=iphone%2017%20pro&currency=EUR&order=newest_first&per_page=96&price_from=200&price_to=500&page=1
2026-09-22 00:45:12,344 - bot - INFO - Found 0 items for 'iPhone 17 Pro'
2026-09-22 00:45:12,345 - bot - INFO - Search summary 'iPhone 17 Pro': matched=0, already_seen=0, filtered_out=0, detail_failed=0, dry_run=False
2026-09-22 00:45:12,346 - bot - INFO - Running search: iPhone 17 Pro Max
2026-09-22 00:45:13,114 - scraper - ERROR - Error scraping https://www.vinted.pt/api/v2/catalog/items?search_text=iphone 17 pro max&currency=EUR&order=newest_first&per_page=96&price_from=600&price_to=980&page=1: 404 Client Error: Not Found for url: https://www.vinted.pt/api/v2/catalog/items?search_text=iphone%2017%20pro%20max&currency=EUR&order=newest_first&per_page=96&price_from=600&price_to=980&page=1
2026-09-22 00:45:13,115 - bot - INFO - Found 0 items for 'iPhone 17 Pro Max'
2026-09-22 00:45:13,115 - bot - INFO - Search summary 'iPhone 17 Pro Max': matched=0, already_seen=0, filtered_out=0, detail_failed=0, dry_run=False
2026-09-22 00:45:13,115 - bot - INFO - Running search: AirPods Pro 2
2026-09-22 00:45:13,491 - scraper - ERROR - Error scraping https://www.vinted.pt/api/v2/catalog/items?search_text=airpods pro 2&currency=EUR&order=newest_first&per_page=96&price_from=20&price_to=60&page=1: 404 Client Error: Not Found for url: https://www.vinted.pt/api/v2/catalog/items?search_text=airpods%20pro%202&currency=EUR&order=newest_first&per_page=96&price_from=20&price_to=60&page=1
2026-09-22 00:45:13,491 - bot - INFO - Found 0 items for 'AirPods Pro 2'
2026-09-22 00:45:13,492 - bot - INFO - Search summary 'AirPods Pro 2': matched=0, already_seen=0, filtered_out=0, detail_failed=0, dry_run=False
2026-09-22 00:45:13,492 - bot - INFO - Running search: MacBook Air M2 / M1 / M3 / M4 / PRO
2026-09-22 00:45:13,916 - scraper - ERROR - Error scraping https://www.vinted.pt/api/v2/catalog/items?search_text=macbook air m2&currency=EUR&order=newest_first&per_page=96&price_from=200&price_to=500&page=1: 404 Client Error: Not Found for url: https://www.vinted.pt/api/v2/catalog/items?search_text=macbook%20air%20m2&currency=EUR&order=newest_first&per_page=96&price_from=200&price_to=500&page=1
2026-09-22 00:45:13,916 - bot - INFO - Found 0 items for 'MacBook Air M2 / M1 / M3 / M4 / PRO'
2026-09-22 00:45:13,916 - bot - INFO - Search summary 'MacBook Air M2 / M1 / M3 / M4 / PRO': matched=0, already_seen=0, filtered_out=0, detail_failed=0, dry_run=False
2026-09-22 00:45:13,936 - bot - INFO - Database cleanup: Removed 7912 old items.
2026-09-22 00:45:13,936 - root - INFO - --- Finished periodic check ---
2026-09-22 00:48:14,884 - root - INFO - Bot stopped manually.
2026-09-22 00:48:45,275 - root - INFO - Starting Vinted Alert Bot...
2026-09-22 00:48:47,542 - root - INFO - Telegram bot validated: @Vinted_go_bot
2026-09-22 00:48:50,013 - notifier - INFO - SENT: Text message sent to 7688548847
2026-09-22 00:48:50,015 - scraper - INFO - Fetching new cookies from https://www.vinted.pt...
2026-09-22 00:48:52,397 - scraper - INFO - Successfully fetched and saved new cookies.
2026-09-22 00:48:53,979 - root - INFO - Telegram commands enabled: /pause, /resume, /status, /search
2026-09-22 00:48:53,980 - root - INFO - Running in scheduler mode. Interval: 30 minutes.
2026-09-22 00:48:53,982 - root - INFO - --- Starting periodic check ---
2026-09-22 00:48:53,982 - bot - INFO - Running search: PlayStation 5
2026-09-22 00:48:54,328 - scraper - ERROR - Error scraping https://www.vinted.pt/api/v2/catalog/items?search_text=ps5 playstation 5&currency=EUR&order=newest_first&per_page=96&price_from=200&price_to=420&status_ids[]=2&status_ids[]=3&status_ids[]=4&page=1: 404 Client Error: Not Found for url: https://www.vinted.pt/api/v2/catalog/items?search_text=ps5%20playstation%205&currency=EUR&order=newest_first&per_page=96&price_from=200&price_to=420&status_ids%5B%5D=2&status_ids%5B%5D=3&status_ids%5B%5D=4&page=1
2026-09-22 00:48:54,330 - bot - INFO - Found 0 items for 'PlayStation 5'
2026-09-22 00:48:54,330 - bot - INFO - Search summary 'PlayStation 5': matched=0, already_seen=0, filtered_out=0, detail_failed=0, dry_run=False
2026-09-22 00:48:54,331 - bot - INFO - Running search: iPhone XR
2026-09-22 00:48:54,613 - scraper - ERROR - Error scraping https://www.vinted.pt/api/v2/catalog/items?search_text=iphone xr&currency=EUR&order=newest_first&per_page=96&price_from=40&price_to=110&page=1: 404 Client Error: Not Found for url: https://www.vinted.pt/api/v2/catalog/items?search_text=iphone%20xr&currency=EUR&order=newest_first&per_page=96&price_from=40&price_to=110&page=1
2026-09-22 00:48:54,614 - bot - INFO - Found 0 items for 'iPhone XR'
2026-09-22 00:48:54,614 - bot - INFO - Search summary 'iPhone XR': matched=0, already_seen=0, filtered_out=0, detail_failed=0, dry_run=False
2026-09-22 00:48:54,614 - bot - INFO - Running search: iPhone 11
2026-09-22 00:48:54,899 - scraper - ERROR - Error scraping https://www.vinted.pt/api/v2/catalog/items?search_text=iphone 11&currency=EUR&order=newest_first&per_page=96&price_from=70&price_to=120&page=1: 404 Client Error: Not Found for url: https://www.vinted.pt/api/v2/catalog/items?search_text=iphone%2011&currency=EUR&order=newest_first&per_page=96&price_from=70&price_to=120&page=1
2026-09-22 00:48:54,899 - bot - INFO - Found 0 items for 'iPhone 11'
2026-09-22 00:48:54,900 - bot - INFO - Search summary 'iPhone 11': matched=0, already_seen=0, filtered_out=0, detail_failed=0, dry_run=False
2026-09-22 00:48:54,901 - bot - INFO - Running search: iPhone 11
2026-09-22 00:48:55,175 - scraper - ERROR - Error scraping https://www.vinted.pt/api/v2/catalog/items?search_text=iphone 11&currency=EUR&order=newest_first&per_page=96&price_from=60&price_to=140&page=1: 404 Client Error: Not Found for url: https://www.vinted.pt/api/v2/catalog/items?search_text=iphone%2011&currency=EUR&order=newest_first&per_page=96&price_from=60&price_to=140&page=1
2026-09-22 00:48:55,176 - bot - INFO - Found 0 items for 'iPhone 11'
2026-09-22 00:48:55,176 - bot - INFO - Search summary 'iPhone 11': matched=0, already_seen=0, filtered_out=0, detail_failed=0, dry_run=False
2026-09-22 00:48:55,177 - bot - INFO - Running search: iPhone 11 Pro Max
2026-09-30 14:17:49,109 - root - INFO - Starting Vinted Alert Bot...
2026-09-30 14:17:50,281 - root - INFO - Telegram bot validated: @Vinted_go_bot
2026-09-30 14:17:52,422 - notifier - INFO - SENT: Text message sent to 7688548847
2026-09-30 14:17:52,461 - scraper - INFO - Fetching new cookies from https://www.vinted.pt...
2026-09-30 14:17:53,561 - scraper - INFO - Successfully fetched and saved new cookies.
2026-09-30 14:17:54,629 - root - INFO - Telegram commands enabled: /pause, /resume, /status, /search
2026-09-30 14:17:54,631 - root - INFO - Running in scheduler mode. Interval: 30 minutes.
2026-09-30 14:17:54,644 - root - INFO - --- Starting periodic check ---
2026-09-30 14:17:54,645 - bot - INFO - Running search: PlayStation 5
2026-09-30 14:17:55,905 - bot - INFO - Found 96 items for 'PlayStation 5'
2026-09-30 14:17:56,445 - bot - INFO - Search summary 'PlayStation 5': matched=0, already_seen=0, filtered_out=96, detail_failed=0, dry_run=False
2026-09-30 14:17:56,446 - bot - INFO - Running search: iPhone XR
2026-09-30 14:17:57,734 - bot - INFO - Found 96 items for 'iPhone XR'
2026-09-30 14:17:58,264 - bot - INFO - Search summary 'iPhone XR': matched=0, already_seen=0, filtered_out=96, detail_failed=0, dry_run=False
2026-09-30 14:17:58,265 - bot - INFO - Running search: iPhone 11
2026-09-30 14:18:00,043 - bot - INFO - Found 96 items for 'iPhone 11'
2026-09-30 14:18:00,558 - bot - INFO - Search summary 'iPhone 11': matched=0, already_seen=0, filtered_out=96, detail_failed=0, dry_run=False
2026-09-30 14:18:00,558 - bot - INFO - Running search: iPhone 11
2026-09-30 14:18:02,039 - bot - INFO - Found 96 items for 'iPhone 11'
2026-09-30 14:18:02,194 - bot - INFO - Search summary 'iPhone 11': matched=0, already_seen=72, filtered_out=24, detail_failed=0, dry_run=False
2026-09-30 14:18:02,194 - bot - INFO - Running search: iPhone 11 Pro Max
2026-09-30 14:18:03,593 - bot - INFO - Found 96 items for 'iPhone 11 Pro Max'
2026-09-30 14:18:04,129 - bot - INFO - Search summary 'iPhone 11 Pro Max': matched=0, already_seen=6, filtered_out=90, detail_failed=0, dry_run=False
2026-09-30 14:18:04,129 - bot - INFO - Running search: iPhone 12
2026-09-30 14:18:05,880 - bot - INFO - Found 96 items for 'iPhone 12'
2026-09-30 14:18:06,430 - bot - INFO - Search summary 'iPhone 12': matched=0, already_seen=2, filtered_out=94, detail_failed=0, dry_run=False
2026-09-30 14:18:06,430 - bot - INFO - Running search: iPhone 12 Pro
2026-09-30 14:18:07,973 - bot - INFO - Found 96 items for 'iPhone 12 Pro'
2026-09-30 14:18:08,517 - bot - INFO - Search summary 'iPhone 12 Pro': matched=0, already_seen=2, filtered_out=94, detail_failed=0, dry_run=False
2026-09-30 14:18:08,517 - bot - INFO - Running search: iPhone 12 Pro Max
2026-09-30 14:18:09,763 - bot - INFO - Found 96 items for 'iPhone 12 Pro Max'
2026-09-30 14:18:10,128 - bot - INFO - Search summary 'iPhone 12 Pro Max': matched=0, already_seen=33, filtered_out=63, detail_failed=0, dry_run=False
2026-09-30 14:18:10,129 - bot - INFO - Running search: iPhone 13
2026-09-30 14:18:11,826 - bot - INFO - Found 96 items for 'iPhone 13'
2026-09-30 14:18:12,378 - bot - INFO - Search summary 'iPhone 13': matched=0, already_seen=0, filtered_out=96, detail_failed=0, dry_run=False
2026-09-30 14:18:12,378 - bot - INFO - Running search: iPhone 13 Pro
2026-09-30 14:18:13,621 - bot - INFO - Found 96 items for 'iPhone 13 Pro'
2026-09-30 14:18:14,243 - bot - INFO - Search summary 'iPhone 13 Pro': matched=0, already_seen=0, filtered_out=96, detail_failed=0, dry_run=False
2026-09-30 14:18:14,243 - bot - INFO - Running search: iPhone 13 Pro Max
2026-09-30 14:18:15,539 - bot - INFO - Found 96 items for 'iPhone 13 Pro Max'
2026-09-30 14:18:15,951 - bot - INFO - Search summary 'iPhone 13 Pro Max': matched=0, already_seen=21, filtered_out=75, detail_failed=0, dry_run=False
2026-09-30 14:18:15,952 - bot - INFO - Running search: iPhone 14
2026-09-30 14:18:17,236 - bot - INFO - Found 96 items for 'iPhone 14'
2026-09-30 14:18:17,799 - bot - INFO - Search summary 'iPhone 14': matched=0, already_seen=1, filtered_out=95, detail_failed=0, dry_run=False
2026-09-30 14:18:17,799 - bot - INFO - Running search: iPhone 14 Plus
2026-09-30 14:18:19,603 - bot - INFO - Found 96 items for 'iPhone 14 Plus'
2026-09-30 14:18:20,240 - bot - INFO - Search summary 'iPhone 14 Plus': matched=0, already_seen=7, filtered_out=89, detail_failed=0, dry_run=False
2026-09-30 14:18:20,241 - bot - INFO - Running search: iPhone 14 Pro
2026-09-30 14:18:21,791 - bot - INFO - Found 96 items for 'iPhone 14 Pro'
2026-09-30 14:18:22,300 - bot - INFO - Search summary 'iPhone 14 Pro': matched=0, already_seen=4, filtered_out=92, detail_failed=0, dry_run=False
2026-09-30 14:18:22,300 - bot - INFO - Running search: iPhone 14 Pro Max
2026-09-30 14:18:23,561 - bot - INFO - Found 96 items for 'iPhone 14 Pro Max'
2026-09-30 14:18:24,015 - bot - INFO - Search summary 'iPhone 14 Pro Max': matched=0, already_seen=11, filtered_out=85, detail_failed=0, dry_run=False
2026-09-30 14:18:24,016 - bot - INFO - Running search: iPhone 15
2026-09-30 14:18:25,390 - bot - INFO - Found 96 items for 'iPhone 15'
2026-09-30 14:18:25,977 - bot - INFO - Search summary 'iPhone 15': matched=0, already_seen=1, filtered_out=95, detail_failed=0, dry_run=False
2026-09-30 14:18:25,977 - bot - INFO - Running search: iPhone 15 Plus
2026-09-30 14:18:27,621 - bot - INFO - Found 96 items for 'iPhone 15 Plus'
2026-09-30 14:18:28,283 - bot - INFO - Search summary 'iPhone 15 Plus': matched=0, already_seen=4, filtered_out=92, detail_failed=0, dry_run=False
2026-09-30 14:18:28,283 - bot - INFO - Running search: iPhone 15 Pro
2026-09-30 14:18:29,688 - bot - INFO - Found 96 items for 'iPhone 15 Pro'
2026-09-30 14:18:30,248 - bot - INFO - Search summary 'iPhone 15 Pro': matched=0, already_seen=18, filtered_out=78, detail_failed=0, dry_run=False
2026-09-30 14:18:30,248 - bot - INFO - Running search: iPhone 15 Pro Max
2026-09-30 14:18:31,542 - bot - INFO - Found 96 items for 'iPhone 15 Pro Max'
2026-09-30 14:18:31,978 - bot - INFO - Search summary 'iPhone 15 Pro Max': matched=0, already_seen=19, filtered_out=77, detail_failed=0, dry_run=False
2026-09-30 14:18:31,978 - bot - INFO - Running search: iPhone 16
2026-09-30 14:18:33,141 - bot - INFO - Found 96 items for 'iPhone 16'
2026-09-30 14:18:33,712 - bot - INFO - Search summary 'iPhone 16': matched=0, already_seen=4, filtered_out=92, detail_failed=0, dry_run=False
2026-09-30 14:18:33,712 - bot - INFO - Running search: iPhone 16 Plus
2026-09-30 14:18:35,038 - bot - INFO - Found 96 items for 'iPhone 16 Plus'
2026-09-30 14:18:35,521 - bot - INFO - Search summary 'iPhone 16 Plus': matched=0, already_seen=15, filtered_out=81, detail_failed=0, dry_run=False
2026-09-30 14:18:35,522 - bot - INFO - Running search: iPhone 16 Pro
2026-09-30 14:18:36,890 - bot - INFO - Found 96 items for 'iPhone 16 Pro'
2026-09-30 14:18:37,303 - bot - INFO - Search summary 'iPhone 16 Pro': matched=0, already_seen=29, filtered_out=67, detail_failed=0, dry_run=False
2026-09-30 14:18:37,303 - bot - INFO - Running search: iPhone 16 Pro Max
2026-09-30 14:18:38,604 - bot - INFO - Found 96 items for 'iPhone 16 Pro Max'
2026-09-30 14:18:38,952 - bot - INFO - Search summary 'iPhone 16 Pro Max': matched=0, already_seen=47, filtered_out=49, detail_failed=0, dry_run=False
2026-09-30 14:18:38,952 - bot - INFO - Running search: iPhone 17
2026-09-30 14:18:40,899 - bot - INFO - Found 96 items for 'iPhone 17'
2026-09-30 14:18:41,289 - bot - INFO - Search summary 'iPhone 17': matched=0, already_seen=32, filtered_out=64, detail_failed=0, dry_run=False
2026-09-30 14:18:41,289 - bot - INFO - Running search: iPhone 17 Pro
2026-09-30 14:18:42,915 - bot - INFO - Found 96 items for 'iPhone 17 Pro'
2026-09-30 14:18:43,126 - bot - INFO - Search summary 'iPhone 17 Pro': matched=0, already_seen=67, filtered_out=29, detail_failed=0, dry_run=False
2026-09-30 14:18:43,126 - bot - INFO - Running search: iPhone 17 Pro Max
2026-09-30 14:18:44,408 - bot - INFO - Found 96 items for 'iPhone 17 Pro Max'
2026-09-30 14:18:45,060 - bot - INFO - Search summary 'iPhone 17 Pro Max': matched=0, already_seen=0, filtered_out=96, detail_failed=0, dry_run=False
2026-09-30 14:18:45,061 - bot - INFO - Running search: AirPods Pro 2
2026-09-30 14:18:46,275 - bot - INFO - Found 96 items for 'AirPods Pro 2'
2026-09-30 14:18:47,082 - bot - INFO - Search summary 'AirPods Pro 2': matched=0, already_seen=0, filtered_out=96, detail_failed=0, dry_run=False
2026-09-30 14:18:47,083 - bot - INFO - Running search: MacBook Air M2 / M1 / M3 / M4 / PRO
2026-09-30 14:18:48,317 - bot - INFO - Found 96 items for 'MacBook Air M2 / M1 / M3 / M4 / PRO'
2026-09-30 14:18:48,840 - bot - INFO - Search summary 'MacBook Air M2 / M1 / M3 / M4 / PRO': matched=0, already_seen=14, filtered_out=82, detail_failed=0, dry_run=False
2026-09-30 14:18:48,842 - root - INFO - --- Finished periodic check ---
2026-09-30 14:29:30,611 - telegram_commands - ERROR - Failed to fetch Telegram updates: ReadTimeout
2026-09-30 14:48:49,018 - root - INFO - --- Starting periodic check ---
2026-09-30 14:48:49,020 - bot - INFO - Running search: PlayStation 5
2026-09-30 14:48:53,322 - bot - INFO - Found 96 items for 'PlayStation 5'
2026-09-30 14:48:53,599 - bot - INFO - Search summary 'PlayStation 5': matched=0, already_seen=90, filtered_out=6, detail_failed=0, dry_run=False
2026-09-30 14:48:53,600 - bot - INFO - Running search: iPhone XR
2026-09-30 14:48:55,328 - bot - INFO - Found 96 items for 'iPhone XR'
2026-09-30 14:48:55,485 - bot - INFO - Search summary 'iPhone XR': matched=0, already_seen=94, filtered_out=2, detail_failed=0, dry_run=False
2026-09-30 14:48:55,486 - bot - INFO - Running search: iPhone 11
2026-09-30 14:48:57,271 - bot - INFO - Found 96 items for 'iPhone 11'
2026-09-30 14:48:57,476 - bot - INFO - Search summary 'iPhone 11': matched=0, already_seen=90, filtered_out=6, detail_failed=0, dry_run=False
2026-09-30 14:48:57,479 - bot - INFO - Running search: iPhone 11
2026-09-30 14:48:59,431 - bot - INFO - Found 96 items for 'iPhone 11'
2026-09-30 14:48:59,735 - bot - INFO - Search summary 'iPhone 11': matched=0, already_seen=94, filtered_out=2, detail_failed=0, dry_run=False
2026-09-30 14:48:59,738 - bot - INFO - Running search: iPhone 11 Pro Max
2026-09-30 14:49:01,569 - bot - INFO - Found 96 items for 'iPhone 11 Pro Max'
2026-09-30 14:49:01,803 - bot - INFO - Search summary 'iPhone 11 Pro Max': matched=0, already_seen=94, filtered_out=2, detail_failed=0, dry_run=False
2026-09-30 14:49:01,806 - bot - INFO - Running search: iPhone 12
2026-09-30 14:49:04,041 - bot - INFO - Found 96 items for 'iPhone 12'
2026-09-30 14:49:04,463 - bot - INFO - Search summary 'iPhone 12': matched=0, already_seen=90, filtered_out=6, detail_failed=0, dry_run=False
2026-09-30 14:49:04,472 - bot - INFO - Running search: iPhone 12 Pro
2026-09-30 14:49:06,361 - bot - INFO - Found 96 items for 'iPhone 12 Pro'
2026-09-30 14:49:06,581 - bot - INFO - Search summary 'iPhone 12 Pro': matched=0, already_seen=93, filtered_out=3, detail_failed=0, dry_run=False
2026-09-30 14:49:06,582 - bot - INFO - Running search: iPhone 12 Pro Max
2026-09-30 14:49:08,219 - bot - INFO - Found 96 items for 'iPhone 12 Pro Max'
2026-09-30 14:49:08,521 - bot - INFO - Search summary 'iPhone 12 Pro Max': matched=0, already_seen=93, filtered_out=3, detail_failed=0, dry_run=False
2026-09-30 14:49:08,525 - bot - INFO - Running search: iPhone 13
2026-09-30 14:49:10,160 - bot - INFO - Found 96 items for 'iPhone 13'
2026-09-30 14:49:10,380 - bot - INFO - Search summary 'iPhone 13': matched=0, already_seen=90, filtered_out=6, detail_failed=0, dry_run=False
2026-09-30 14:49:10,381 - bot - INFO - Running search: iPhone 13 Pro
2026-09-30 14:49:13,224 - bot - INFO - Found 96 items for 'iPhone 13 Pro'
2026-09-30 14:49:13,490 - bot - INFO - Search summary 'iPhone 13 Pro': matched=0, already_seen=94, filtered_out=2, detail_failed=0, dry_run=False
2026-09-30 14:49:13,494 - bot - INFO - Running search: iPhone 13 Pro Max
2026-09-30 14:49:15,127 - bot - INFO - Found 96 items for 'iPhone 13 Pro Max'
2026-09-30 14:49:15,274 - bot - INFO - Search summary 'iPhone 13 Pro Max': matched=0, already_seen=94, filtered_out=2, detail_failed=0, dry_run=False
2026-09-30 14:49:15,276 - bot - INFO - Running search: iPhone 14
2026-09-30 14:49:16,860 - bot - INFO - Found 96 items for 'iPhone 14'
2026-09-30 14:49:17,077 - bot - INFO - Search summary 'iPhone 14': matched=0, already_seen=92, filtered_out=4, detail_failed=0, dry_run=False
2026-09-30 14:49:17,086 - bot - INFO - Running search: iPhone 14 Plus
2026-09-30 14:49:18,735 - bot - INFO - Found 96 items for 'iPhone 14 Plus'
2026-09-30 14:49:18,950 - bot - INFO - Search summary 'iPhone 14 Plus': matched=0, already_seen=90, filtered_out=6, detail_failed=0, dry_run=False
2026-09-30 14:49:18,952 - bot - INFO - Running search: iPhone 14 Pro
2026-09-30 14:49:20,831 - bot - INFO - Found 96 items for 'iPhone 14 Pro'
2026-09-30 14:49:21,019 - bot - INFO - Search summary 'iPhone 14 Pro': matched=0, already_seen=94, filtered_out=2, detail_failed=0, dry_run=False
2026-09-30 14:49:21,020 - bot - INFO - Running search: iPhone 14 Pro Max
2026-09-30 14:49:22,611 - bot - INFO - Found 96 items for 'iPhone 14 Pro Max'
2026-09-30 14:49:22,809 - bot - INFO - Search summary 'iPhone 14 Pro Max': matched=0, already_seen=94, filtered_out=2, detail_failed=0, dry_run=False
2026-09-30 14:49:22,813 - bot - INFO - Running search: iPhone 15
2026-09-30 14:49:24,524 - bot - INFO - Found 96 items for 'iPhone 15'
2026-09-30 14:49:24,754 - bot - INFO - Search summary 'iPhone 15': matched=0, already_seen=94, filtered_out=2, detail_failed=0, dry_run=False
2026-09-30 14:49:24,756 - bot - INFO - Running search: iPhone 15 Plus
2026-09-30 14:49:26,402 - bot - INFO - Found 96 items for 'iPhone 15 Plus'
2026-09-30 14:49:26,592 - bot - INFO - Search summary 'iPhone 15 Plus': matched=0, already_seen=92, filtered_out=4, detail_failed=0, dry_run=False
2026-09-30 14:49:26,593 - bot - INFO - Running search: iPhone 15 Pro
2026-09-30 14:49:28,083 - bot - INFO - Found 96 items for 'iPhone 15 Pro'
2026-09-30 14:49:28,249 - bot - INFO - Search summary 'iPhone 15 Pro': matched=0, already_seen=92, filtered_out=4, detail_failed=0, dry_run=False
2026-09-30 14:49:28,252 - bot - INFO - Running search: iPhone 15 Pro Max
2026-09-30 14:49:29,763 - bot - INFO - Found 96 items for 'iPhone 15 Pro Max'
2026-09-30 14:49:29,928 - bot - INFO - Search summary 'iPhone 15 Pro Max': matched=0, already_seen=94, filtered_out=2, detail_failed=0, dry_run=False
2026-09-30 14:49:29,930 - bot - INFO - Running search: iPhone 16
2026-09-30 14:49:31,559 - bot - INFO - Found 96 items for 'iPhone 16'
2026-09-30 14:49:31,731 - bot - INFO - Search summary 'iPhone 16': matched=0, already_seen=93, filtered_out=3, detail_failed=0, dry_run=False
2026-09-30 14:49:31,732 - bot - INFO - Running search: iPhone 16 Plus
2026-09-30 14:49:33,658 - bot - INFO - Found 96 items for 'iPhone 16 Plus'
2026-09-30 14:49:33,866 - bot - INFO - Search summary 'iPhone 16 Plus': matched=0, already_seen=92, filtered_out=4, detail_failed=0, dry_run=False
2026-09-30 14:49:33,867 - bot - INFO - Running search: iPhone 16 Pro
2026-09-30 14:49:35,770 - bot - INFO - Found 96 items for 'iPhone 16 Pro'
2026-09-30 14:49:36,050 - bot - INFO - Search summary 'iPhone 16 Pro': matched=0, already_seen=92, filtered_out=4, detail_failed=0, dry_run=False
2026-09-30 14:49:36,052 - bot - INFO - Running search: iPhone 16 Pro Max
2026-09-30 14:49:38,277 - bot - INFO - Found 96 items for 'iPhone 16 Pro Max'
2026-09-30 14:49:38,434 - bot - INFO - Search summary 'iPhone 16 Pro Max': matched=0, already_seen=92, filtered_out=4, detail_failed=0, dry_run=False
2026-09-30 14:49:38,434 - bot - INFO - Running search: iPhone 17
2026-09-30 14:49:40,118 - bot - INFO - Found 96 items for 'iPhone 17'
2026-09-30 14:49:40,261 - bot - INFO - Search summary 'iPhone 17': matched=0, already_seen=95, filtered_out=1, detail_failed=0, dry_run=False
2026-09-30 14:49:40,268 - bot - INFO - Running search: iPhone 17 Pro
2026-09-30 14:49:42,359 - bot - INFO - Found 96 items for 'iPhone 17 Pro'
2026-09-30 14:49:42,521 - bot - INFO - Search summary 'iPhone 17 Pro': matched=0, already_seen=95, filtered_out=1, detail_failed=0, dry_run=False
2026-09-30 14:49:42,522 - bot - INFO - Running search: iPhone 17 Pro Max
2026-09-30 14:49:44,638 - bot - INFO - Found 96 items for 'iPhone 17 Pro Max'
2026-09-30 14:49:44,846 - bot - INFO - Search summary 'iPhone 17 Pro Max': matched=0, already_seen=92, filtered_out=4, detail_failed=0, dry_run=False
2026-09-30 14:49:44,848 - bot - INFO - Running search: AirPods Pro 2
2026-09-30 14:49:46,576 - bot - INFO - Found 96 items for 'AirPods Pro 2'
2026-09-30 14:49:46,811 - bot - INFO - Search summary 'AirPods Pro 2': matched=0, already_seen=92, filtered_out=4, detail_failed=0, dry_run=False
2026-09-30 14:49:46,814 - bot - INFO - Running search: MacBook Air M2 / M1 / M3 / M4 / PRO
2026-09-30 14:49:48,825 - bot - INFO - Found 96 items for 'MacBook Air M2 / M1 / M3 / M4 / PRO'
2026-09-30 14:49:49,184 - bot - INFO - Search summary 'MacBook Air M2 / M1 / M3 / M4 / PRO': matched=0, already_seen=92, filtered_out=4, detail_failed=0, dry_run=False
2026-09-30 14:49:49,188 - root - INFO - --- Finished periodic check ---
2026-09-30 15:19:49,979 - root - INFO - --- Starting periodic check ---
2026-09-30 15:19:49,982 - bot - INFO - Running search: PlayStation 5
2026-09-30 15:20:06,106 - bot - INFO - Found 96 items for 'PlayStation 5'
2026-09-30 15:20:06,192 - bot - INFO - Search summary 'PlayStation 5': matched=0, already_seen=95, filtered_out=1, detail_failed=0, dry_run=False
2026-09-30 15:20:06,196 - bot - INFO - Running search: iPhone XR
2026-09-30 15:20:38,054 - bot - INFO - Found 96 items for 'iPhone XR'
2026-09-30 15:20:38,162 - bot - INFO - Search summary 'iPhone XR': matched=0, already_seen=90, filtered_out=6, detail_failed=0, dry_run=False
2026-09-30 15:20:38,163 - bot - INFO - Running search: iPhone 11
2026-09-30 15:20:59,751 - bot - INFO - Found 96 items for 'iPhone 11'
2026-09-30 15:20:59,933 - bot - INFO - Search summary 'iPhone 11': matched=0, already_seen=90, filtered_out=6, detail_failed=0, dry_run=False
2026-09-30 15:20:59,934 - bot - INFO - Running search: iPhone 11
2026-09-30 15:21:22,583 - bot - INFO - Found 96 items for 'iPhone 11'
2026-09-30 15:21:22,750 - bot - INFO - Search summary 'iPhone 11': matched=0, already_seen=95, filtered_out=1, detail_failed=0, dry_run=False
2026-09-30 15:21:22,759 - bot - INFO - Running search: iPhone 11 Pro Max
2026-09-30 15:21:42,109 - bot - INFO - Found 96 items for 'iPhone 11 Pro Max'
2026-09-30 15:21:42,228 - bot - INFO - Search summary 'iPhone 11 Pro Max': matched=0, already_seen=96, filtered_out=0, detail_failed=0, dry_run=False
2026-09-30 15:21:42,228 - bot - INFO - Running search: iPhone 12
2026-09-30 15:22:10,248 - bot - INFO - Found 96 items for 'iPhone 12'
2026-09-30 15:22:10,351 - bot - INFO - Search summary 'iPhone 12': matched=0, already_seen=94, filtered_out=2, detail_failed=0, dry_run=False
2026-09-30 15:22:10,351 - bot - INFO - Running search: iPhone 12 Pro
2026-09-30 15:22:35,070 - bot - INFO - Found 96 items for 'iPhone 12 Pro'
2026-09-30 15:22:35,205 - bot - INFO - Search summary 'iPhone 12 Pro': matched=0, already_seen=95, filtered_out=1, detail_failed=0, dry_run=False
2026-09-30 15:22:35,209 - bot - INFO - Running search: iPhone 12 Pro Max
2026-09-30 15:22:58,968 - bot - INFO - Found 96 items for 'iPhone 12 Pro Max'
2026-09-30 15:22:59,040 - bot - INFO - Search summary 'iPhone 12 Pro Max': matched=0, already_seen=95, filtered_out=1, detail_failed=0, dry_run=False
2026-09-30 15:22:59,041 - bot - INFO - Running search: iPhone 13
2026-09-30 15:23:15,375 - bot - INFO - Found 96 items for 'iPhone 13'
2026-09-30 15:23:15,543 - bot - INFO - Search summary 'iPhone 13': matched=0, already_seen=88, filtered_out=8, detail_failed=0, dry_run=False
2026-09-30 15:23:15,545 - bot - INFO - Running search: iPhone 13 Pro
2026-09-30 15:23:36,123 - bot - INFO - Found 96 items for 'iPhone 13 Pro'
2026-09-30 15:23:36,386 - bot - INFO - Search summary 'iPhone 13 Pro': matched=0, already_seen=88, filtered_out=8, detail_failed=0, dry_run=False
2026-09-30 15:23:36,393 - bot - INFO - Running search: iPhone 13 Pro Max
2026-09-30 15:24:02,062 - bot - INFO - Found 96 items for 'iPhone 13 Pro Max'
2026-09-30 15:24:02,070 - bot - INFO - Search summary 'iPhone 13 Pro Max': matched=0, already_seen=96, filtered_out=0, detail_failed=0, dry_run=False
2026-09-30 15:24:02,070 - bot - INFO - Running search: iPhone 14
2026-09-30 15:24:05,499 - scraper - WARNING - Retrying after 125.0s due to ("Connection broken: ConnectionResetError(10054, 'Uma ligação existente foi forçada a fechar pelo anfitrião remoto', None, 10054, None)", ConnectionResetError(10054, 'Uma ligação existente foi forçada a fechar pelo anfitrião remoto', None, 10054, None))
2026-09-30 15:24:05,509 - telegram_commands - ERROR - Failed to fetch Telegram updates: ConnectionError
2026-09-30 15:26:13,545 - bot - INFO - Found 96 items for 'iPhone 14'
2026-09-30 15:26:13,583 - bot - INFO - Search summary 'iPhone 14': matched=0, already_seen=96, filtered_out=0, detail_failed=0, dry_run=False
2026-09-30 15:26:13,583 - bot - INFO - Running search: iPhone 14 Plus
2026-09-30 15:26:15,204 - bot - INFO - Found 96 items for 'iPhone 14 Plus'
2026-09-30 15:26:15,290 - bot - INFO - Search summary 'iPhone 14 Plus': matched=0, already_seen=91, filtered_out=5, detail_failed=0, dry_run=False
2026-09-30 15:26:15,291 - bot - INFO - Running search: iPhone 14 Pro
2026-09-30 15:26:16,519 - bot - INFO - Found 96 items for 'iPhone 14 Pro'
2026-09-30 15:26:16,576 - bot - INFO - Search summary 'iPhone 14 Pro': matched=0, already_seen=95, filtered_out=1, detail_failed=0, dry_run=False
2026-09-30 15:26:16,576 - bot - INFO - Running search: iPhone 14 Pro Max
2026-09-30 15:26:18,591 - bot - INFO - Found 96 items for 'iPhone 14 Pro Max'
2026-09-30 15:26:18,632 - bot - INFO - Search summary 'iPhone 14 Pro Max': matched=0, already_seen=95, filtered_out=1, detail_failed=0, dry_run=False
2026-09-30 15:26:18,632 - bot - INFO - Running search: iPhone 15
2026-09-30 15:26:20,026 - bot - INFO - Found 96 items for 'iPhone 15'
2026-09-30 15:26:20,148 - bot - INFO - Search summary 'iPhone 15': matched=0, already_seen=90, filtered_out=6, detail_failed=0, dry_run=False
2026-09-30 15:26:20,148 - bot - INFO - Running search: iPhone 15 Plus
2026-09-30 15:26:25,691 - bot - INFO - Found 96 items for 'iPhone 15 Plus'
2026-09-30 15:26:25,752 - bot - INFO - Search summary 'iPhone 15 Plus': matched=0, already_seen=95, filtered_out=1, detail_failed=0, dry_run=False
2026-09-30 15:26:25,753 - bot - INFO - Running search: iPhone 15 Pro
2026-09-30 15:26:27,087 - bot - INFO - Found 96 items for 'iPhone 15 Pro'
2026-09-30 15:26:27,162 - bot - INFO - Search summary 'iPhone 15 Pro': matched=0, already_seen=95, filtered_out=1, detail_failed=0, dry_run=False
2026-09-30 15:26:27,162 - bot - INFO - Running search: iPhone 15 Pro Max
2026-09-30 15:26:28,343 - bot - INFO - Found 96 items for 'iPhone 15 Pro Max'
2026-09-30 15:26:28,381 - bot - INFO - Search summary 'iPhone 15 Pro Max': matched=0, already_seen=96, filtered_out=0, detail_failed=0, dry_run=False
2026-09-30 15:26:28,382 - bot - INFO - Running search: iPhone 16
2026-09-30 15:26:29,725 - bot - INFO - Found 96 items for 'iPhone 16'
2026-09-30 15:26:29,828 - bot - INFO - Search summary 'iPhone 16': matched=0, already_seen=90, filtered_out=6, detail_failed=0, dry_run=False
2026-09-30 15:26:29,829 - bot - INFO - Running search: iPhone 16 Plus
2026-09-30 15:26:31,093 - bot - INFO - Found 96 items for 'iPhone 16 Plus'
2026-09-30 15:26:31,166 - bot - INFO - Search summary 'iPhone 16 Plus': matched=0, already_seen=93, filtered_out=3, detail_failed=0, dry_run=False
2026-09-30 15:26:31,166 - bot - INFO - Running search: iPhone 16 Pro
2026-09-30 15:26:32,668 - bot - INFO - Found 96 items for 'iPhone 16 Pro'
2026-09-30 15:26:32,731 - bot - INFO - Search summary 'iPhone 16 Pro': matched=0, already_seen=95, filtered_out=1, detail_failed=0, dry_run=False
2026-09-30 15:26:32,731 - bot - INFO - Running search: iPhone 16 Pro Max
2026-09-30 15:26:34,370 - bot - INFO - Found 96 items for 'iPhone 16 Pro Max'
2026-09-30 15:26:34,414 - bot - INFO - Search summary 'iPhone 16 Pro Max': matched=0, already_seen=96, filtered_out=0, detail_failed=0, dry_run=False
2026-09-30 15:26:34,414 - bot - INFO - Running search: iPhone 17
2026-09-30 15:26:36,044 - bot - INFO - Found 96 items for 'iPhone 17'
2026-09-30 15:26:36,126 - bot - INFO - Search summary 'iPhone 17': matched=0, already_seen=96, filtered_out=0, detail_failed=0, dry_run=False
2026-09-30 15:26:36,127 - bot - INFO - Running search: iPhone 17 Pro
2026-09-30 15:26:37,800 - bot - INFO - Found 96 items for 'iPhone 17 Pro'
2026-09-30 15:26:37,899 - bot - INFO - Search summary 'iPhone 17 Pro': matched=0, already_seen=92, filtered_out=4, detail_failed=0, dry_run=False
2026-09-30 15:26:37,900 - bot - INFO - Running search: iPhone 17 Pro Max
2026-09-30 15:26:39,333 - bot - INFO - Found 96 items for 'iPhone 17 Pro Max'
2026-09-30 15:26:39,392 - bot - INFO - Search summary 'iPhone 17 Pro Max': matched=0, already_seen=94, filtered_out=2, detail_failed=0, dry_run=False
2026-09-30 15:26:39,392 - bot - INFO - Running search: AirPods Pro 2
2026-09-30 15:26:40,680 - bot - INFO - Found 96 items for 'AirPods Pro 2'
2026-09-30 15:26:40,764 - bot - INFO - Search summary 'AirPods Pro 2': matched=0, already_seen=94, filtered_out=2, detail_failed=0, dry_run=False
2026-09-30 15:26:40,764 - bot - INFO - Running search: MacBook Air M2 / M1 / M3 / M4 / PRO
2026-09-30 15:26:42,208 - bot - INFO - Found 96 items for 'MacBook Air M2 / M1 / M3 / M4 / PRO'
2026-09-30 15:26:42,265 - bot - INFO - Search summary 'MacBook Air M2 / M1 / M3 / M4 / PRO': matched=0, already_seen=95, filtered_out=1, detail_failed=0, dry_run=False
2026-09-30 15:26:42,266 - root - INFO - --- Finished periodic check ---
2026-09-30 15:31:04,234 - root - INFO - Bot stopped manually.
2026-09-30 18:25:28,321 - root - INFO - Starting Vinted Alert Bot...
2026-09-30 18:25:29,768 - root - INFO - Telegram bot validated: @Vinted_go_bot
2026-09-30 18:25:32,092 - notifier - INFO - SENT: Text message sent to 7688548847
2026-09-30 18:25:32,115 - scraper - INFO - Fetching new cookies from https://www.vinted.pt...
2026-09-30 18:25:33,527 - scraper - INFO - Successfully fetched and saved new cookies.
2026-09-30 18:25:34,863 - root - INFO - Telegram commands enabled: /pause, /resume, /status, /search
2026-09-30 18:25:34,864 - root - INFO - Running in scheduler mode. Interval: 30 minutes.
2026-09-30 18:25:34,867 - root - INFO - --- Starting periodic check ---
2026-09-30 18:25:34,869 - bot - INFO - Running search: PlayStation 5
2026-09-30 18:25:36,337 - bot - INFO - Found 96 items for 'PlayStation 5'
2026-09-30 18:25:36,695 - bot - INFO - Search summary 'PlayStation 5': matched=0, already_seen=17, filtered_out=79, detail_failed=0, dry_run=False
2026-09-30 18:25:36,695 - bot - INFO - Running search: iPhone XR
2026-09-30 18:25:38,149 - bot - INFO - Found 96 items for 'iPhone XR'
2026-09-30 18:25:38,335 - bot - INFO - Search summary 'iPhone XR': matched=0, already_seen=64, filtered_out=32, detail_failed=0, dry_run=False
2026-09-30 18:25:38,336 - bot - INFO - Running search: iPhone 11
2026-09-30 18:25:39,945 - bot - INFO - Found 96 items for 'iPhone 11'
2026-09-30 18:25:40,065 - bot - INFO - Search summary 'iPhone 11': matched=0, already_seen=72, filtered_out=24, detail_failed=0, dry_run=False
2026-09-30 18:25:40,065 - bot - INFO - Running search: iPhone 11
2026-09-30 18:25:41,546 - bot - INFO - Found 96 items for 'iPhone 11'
2026-09-30 18:25:41,579 - bot - INFO - Search summary 'iPhone 11': matched=0, already_seen=92, filtered_out=4, detail_failed=0, dry_run=False
2026-09-30 18:25:41,579 - bot - INFO - Running search: iPhone 11 Pro Max
2026-09-30 18:25:42,967 - bot - INFO - Found 96 items for 'iPhone 11 Pro Max'
2026-09-30 18:25:43,208 - bot - INFO - Search summary 'iPhone 11 Pro Max': matched=0, already_seen=44, filtered_out=52, detail_failed=0, dry_run=False
2026-09-30 18:25:43,208 - bot - INFO - Running search: iPhone 12
2026-09-30 18:25:44,419 - bot - INFO - Found 96 items for 'iPhone 12'
2026-09-30 18:26:26,189 - root - INFO - Starting Vinted Alert Bot...
2026-09-30 18:26:27,472 - root - INFO - Telegram bot validated: @Vinted_go_bot
2026-09-30 18:26:29,785 - notifier - INFO - SENT: Text message sent to 7688548847
2026-09-30 18:26:29,787 - scraper - INFO - Fetching new cookies from https://www.vinted.pt...
2026-09-30 18:26:30,875 - scraper - INFO - Successfully fetched and saved new cookies.
2026-09-30 18:26:47,154 - root - INFO - Telegram commands enabled: /pause, /resume, /status, /search
2026-09-30 18:26:47,155 - root - INFO - Running in scheduler mode. Interval: 30 minutes.
2026-09-30 18:26:47,157 - root - INFO - --- Starting periodic check ---
2026-09-30 18:26:47,158 - bot - INFO - Running search: PlayStation 5
2026-09-30 18:26:48,495 - bot - INFO - Found 96 items for 'PlayStation 5'
2026-09-30 18:26:48,519 - bot - INFO - Search summary 'PlayStation 5': matched=0, already_seen=94, filtered_out=2, detail_failed=0, dry_run=False
2026-09-30 18:26:48,520 - bot - INFO - Running search: iPhone XR
2026-09-30 18:26:49,738 - bot - INFO - Found 96 items for 'iPhone XR'
2026-09-30 18:26:49,754 - bot - INFO - Search summary 'iPhone XR': matched=0, already_seen=96, filtered_out=0, detail_failed=0, dry_run=False
2026-09-30 18:26:49,754 - bot - INFO - Running search: iPhone 11
2026-09-30 18:26:51,077 - bot - INFO - Found 96 items for 'iPhone 11'
2026-09-30 18:26:51,092 - bot - INFO - Search summary 'iPhone 11': matched=0, already_seen=96, filtered_out=0, detail_failed=0, dry_run=False
2026-09-30 18:26:51,092 - bot - INFO - Running search: iPhone 11
2026-09-30 18:26:52,405 - bot - INFO - Found 96 items for 'iPhone 11'
2026-09-30 18:26:52,418 - bot - INFO - Search summary 'iPhone 11': matched=0, already_seen=96, filtered_out=0, detail_failed=0, dry_run=False
2026-09-30 18:26:52,418 - bot - INFO - Running search: iPhone 11 Pro Max
2026-09-30 18:26:53,674 - bot - INFO - Found 96 items for 'iPhone 11 Pro Max'
2026-09-30 18:26:53,690 - bot - INFO - Search summary 'iPhone 11 Pro Max': matched=0, already_seen=95, filtered_out=1, detail_failed=0, dry_run=False
2026-09-30 18:26:53,690 - bot - INFO - Running search: iPhone 12
2026-09-30 18:26:54,969 - bot - INFO - Found 96 items for 'iPhone 12'
2026-09-30 18:26:55,003 - bot - INFO - Search summary 'iPhone 12': matched=0, already_seen=93, filtered_out=3, detail_failed=0, dry_run=False
2026-09-30 18:26:55,003 - bot - INFO - Running search: iPhone 12 Pro
2026-09-30 18:26:56,436 - bot - INFO - Found 96 items for 'iPhone 12 Pro'
2026-09-30 18:26:56,479 - bot - INFO - Search summary 'iPhone 12 Pro': matched=0, already_seen=90, filtered_out=6, detail_failed=0, dry_run=False
2026-09-30 18:26:56,480 - bot - INFO - Running search: iPhone 12 Pro Max
2026-09-30 18:26:57,821 - bot - INFO - Found 96 items for 'iPhone 12 Pro Max'
2026-09-30 18:26:58,057 - bot - INFO - Search summary 'iPhone 12 Pro Max': matched=0, already_seen=58, filtered_out=38, detail_failed=0, dry_run=False
2026-09-30 18:26:58,058 - bot - INFO - Running search: iPhone 13
2026-09-30 18:26:59,508 - bot - INFO - Found 96 items for 'iPhone 13'
2026-09-30 18:26:59,822 - bot - INFO - Search summary 'iPhone 13': matched=0, already_seen=33, filtered_out=63, detail_failed=0, dry_run=False
2026-09-30 18:26:59,823 - bot - INFO - Running search: iPhone 13 Pro
2026-09-30 18:27:01,184 - bot - INFO - Found 96 items for 'iPhone 13 Pro'
2026-09-30 18:27:01,235 - bot - INFO - Search summary 'iPhone 13 Pro': matched=0, already_seen=88, filtered_out=8, detail_failed=0, dry_run=False
2026-09-30 18:27:01,236 - bot - INFO - Running search: iPhone 13 Pro Max
2026-09-30 18:27:02,428 - bot - INFO - Found 96 items for 'iPhone 13 Pro Max'
2026-09-30 18:27:02,476 - bot - INFO - Search summary 'iPhone 13 Pro Max': matched=0, already_seen=88, filtered_out=8, detail_failed=0, dry_run=False
2026-09-30 18:27:02,476 - bot - INFO - Running search: iPhone 14
2026-09-30 18:27:03,724 - bot - INFO - Found 96 items for 'iPhone 14'
2026-09-30 18:27:04,123 - bot - INFO - Search summary 'iPhone 14': matched=0, already_seen=16, filtered_out=80, detail_failed=0, dry_run=False
2026-09-30 18:27:04,123 - bot - INFO - Running search: iPhone 14 Plus
2026-09-30 18:27:05,398 - bot - INFO - Found 96 items for 'iPhone 14 Plus'
2026-09-30 18:27:05,718 - bot - INFO - Search summary 'iPhone 14 Plus': matched=0, already_seen=36, filtered_out=60, detail_failed=0, dry_run=False
2026-09-30 18:27:05,718 - bot - INFO - Running search: iPhone 14 Pro
2026-09-30 18:27:07,249 - bot - INFO - Found 96 items for 'iPhone 14 Pro'
2026-09-30 18:27:08,221 - bot - INFO - Search summary 'iPhone 14 Pro': matched=0, already_seen=52, filtered_out=44, detail_failed=0, dry_run=False
2026-09-30 18:27:08,234 - bot - INFO - Running search: iPhone 14 Pro Max
2026-09-30 18:27:09,963 - bot - INFO - Found 96 items for 'iPhone 14 Pro Max'
2026-09-30 18:27:10,183 - bot - INFO - Search summary 'iPhone 14 Pro Max': matched=0, already_seen=87, filtered_out=9, detail_failed=0, dry_run=False
2026-09-30 18:27:10,184 - bot - INFO - Running search: iPhone 15
2026-09-30 18:27:11,908 - bot - INFO - Found 96 items for 'iPhone 15'
2026-09-30 18:27:12,234 - bot - INFO - Search summary 'iPhone 15': matched=0, already_seen=77, filtered_out=19, detail_failed=0, dry_run=False
2026-09-30 18:27:12,237 - bot - INFO - Running search: iPhone 15 Plus
2026-09-30 18:27:13,735 - bot - INFO - Found 96 items for 'iPhone 15 Plus'
2026-09-30 18:27:14,598 - bot - INFO - Search summary 'iPhone 15 Plus': matched=0, already_seen=30, filtered_out=66, detail_failed=0, dry_run=False
2026-09-30 18:27:14,600 - bot - INFO - Running search: iPhone 15 Pro
2026-09-30 18:27:16,083 - bot - INFO - Found 96 items for 'iPhone 15 Pro'
2026-09-30 18:27:16,590 - bot - INFO - Search summary 'iPhone 15 Pro': matched=0, already_seen=60, filtered_out=36, detail_failed=0, dry_run=False
2026-09-30 18:27:16,591 - bot - INFO - Running search: iPhone 15 Pro Max
2026-09-30 18:27:18,105 - bot - INFO - Found 96 items for 'iPhone 15 Pro Max'
2026-09-30 18:27:19,064 - bot - INFO - Search summary 'iPhone 15 Pro Max': matched=0, already_seen=42, filtered_out=54, detail_failed=0, dry_run=False
2026-09-30 18:27:19,080 - bot - INFO - Running search: iPhone 16
2026-09-30 18:27:20,835 - bot - INFO - Found 96 items for 'iPhone 16'
2026-09-30 18:27:21,179 - bot - INFO - Search summary 'iPhone 16': matched=0, already_seen=76, filtered_out=20, detail_failed=0, dry_run=False
2026-09-30 18:27:21,180 - bot - INFO - Running search: iPhone 16 Plus
2026-09-30 18:27:22,613 - bot - INFO - Found 96 items for 'iPhone 16 Plus'
2026-09-30 18:27:23,607 - bot - INFO - Search summary 'iPhone 16 Plus': matched=0, already_seen=17, filtered_out=79, detail_failed=0, dry_run=False
2026-09-30 18:27:23,609 - bot - INFO - Running search: iPhone 16 Pro
2026-09-30 18:27:25,168 - bot - INFO - Found 96 items for 'iPhone 16 Pro'
2026-09-30 18:27:26,044 - bot - INFO - Search summary 'iPhone 16 Pro': matched=0, already_seen=29, filtered_out=67, detail_failed=0, dry_run=False
2026-09-30 18:27:26,046 - bot - INFO - Running search: iPhone 16 Pro Max
2026-09-30 18:27:28,154 - bot - INFO - Found 96 items for 'iPhone 16 Pro Max'
2026-09-30 18:27:29,005 - bot - INFO - Search summary 'iPhone 16 Pro Max': matched=0, already_seen=41, filtered_out=55, detail_failed=0, dry_run=False
2026-09-30 18:27:29,010 - bot - INFO - Running search: iPhone 17
2026-09-30 18:27:30,858 - bot - INFO - Found 96 items for 'iPhone 17'
2026-09-30 18:27:31,737 - bot - INFO - Search summary 'iPhone 17': matched=0, already_seen=32, filtered_out=64, detail_failed=0, dry_run=False
2026-09-30 18:27:31,739 - bot - INFO - Running search: iPhone 17 Pro
2026-09-30 18:27:33,239 - bot - INFO - Found 96 items for 'iPhone 17 Pro'
2026-09-30 18:27:34,064 - bot - INFO - Search summary 'iPhone 17 Pro': matched=0, already_seen=42, filtered_out=54, detail_failed=0, dry_run=False
2026-09-30 18:27:34,071 - bot - INFO - Running search: iPhone 17 Pro Max
2026-09-30 18:27:35,519 - bot - INFO - Found 96 items for 'iPhone 17 Pro Max'
2026-09-30 18:27:36,025 - bot - INFO - Search summary 'iPhone 17 Pro Max': matched=0, already_seen=56, filtered_out=40, detail_failed=0, dry_run=False
2026-09-30 18:27:36,025 - bot - INFO - Running search: AirPods Pro 2
2026-09-30 18:27:37,569 - bot - INFO - Found 96 items for 'AirPods Pro 2'
2026-09-30 18:27:38,834 - bot - INFO - Search summary 'AirPods Pro 2': matched=0, already_seen=0, filtered_out=96, detail_failed=0, dry_run=False
2026-09-30 18:27:38,836 - bot - INFO - Running search: MacBook Air M2 / M1 / M3 / M4 / PRO
2026-09-30 18:27:40,975 - bot - INFO - Found 96 items for 'MacBook Air M2 / M1 / M3 / M4 / PRO'
2026-09-30 18:27:43,064 - bot - INFO - Search summary 'MacBook Air M2 / M1 / M3 / M4 / PRO': matched=0, already_seen=0, filtered_out=96, detail_failed=0, dry_run=False
2026-09-30 18:27:43,085 - root - INFO - --- Finished periodic check ---
2026-09-30 18:32:56,770 - root - INFO - Starting Vinted Alert Bot...
2026-09-30 18:32:58,150 - root - INFO - Telegram bot validated: @Vinted_go_bot
2026-09-30 18:33:01,704 - notifier - INFO - SENT: Text message sent to 7688548847
2026-09-30 18:33:01,788 - scraper - INFO - Fetching new cookies from https://www.vinted.pt...
2026-09-30 18:33:04,157 - scraper - INFO - Successfully fetched and saved new cookies.
2026-09-30 18:33:06,479 - root - INFO - Telegram commands enabled: /pause, /resume, /status, /search
2026-09-30 18:33:06,483 - root - INFO - Running in scheduler mode. Interval: 30 minutes.
2026-09-30 18:33:06,502 - root - INFO - --- Starting periodic check ---
2026-09-30 18:33:06,504 - bot - INFO - Running search: PlayStation 5
2026-09-30 18:33:08,376 - bot - INFO - Found 96 items for 'PlayStation 5'
2026-09-30 18:33:12,183 - bot - INFO - NEW MATCH: PlayStation 5 - Item 10195536916
2026-09-30 18:33:17,258 - notifier - INFO - SENT: Text message sent to 7688548847
2026-09-30 18:33:17,259 - notifier - INFO - SENT: Alert sent to 7688548847 for item 10195536916
2026-09-30 18:33:19,376 - bot - INFO - NEW MATCH: PlayStation 5 - Item 10195525027
2026-09-30 18:33:26,317 - notifier - INFO - SENT: Text message sent to 7688548847
2026-09-30 18:33:26,319 - notifier - INFO - SENT: Alert sent to 7688548847 for item 10195525027
2026-09-30 18:33:28,334 - bot - INFO - NEW MATCH: PlayStation 5 - Item 10195487817
2026-09-30 18:33:34,603 - notifier - INFO - SENT: Text message sent to 7688548847
2026-09-30 18:33:34,604 - notifier - INFO - SENT: Alert sent to 7688548847 for item 10195487817
2026-09-30 18:33:36,517 - bot - INFO - NEW MATCH: PlayStation 5 - Item 10195438401
2026-09-30 18:33:45,299 - notifier - INFO - SENT: Text message sent to 7688548847
2026-09-30 18:33:45,308 - notifier - INFO - SENT: Alert sent to 7688548847 for item 10195438401
2026-09-30 18:33:47,252 - bot - INFO - NEW MATCH: PlayStation 5 - Item 10195411322
2026-09-30 18:33:54,740 - notifier - INFO - SENT: Text message sent to 7688548847
2026-09-30 18:33:54,744 - notifier - INFO - SENT: Alert sent to 7688548847 for item 10195411322
2026-09-30 18:34:03,803 - bot - INFO - NEW MATCH: PlayStation 5 - Item 10195311512
2026-09-30 18:34:14,366 - notifier - INFO - SENT: Text message sent to 7688548847
2026-09-30 18:34:14,369 - notifier - INFO - SENT: Alert sent to 7688548847 for item 10195311512
2026-09-30 18:34:14,389 - bot - INFO - Detail limit reached for 'PlayStation 5' (10); remaining unseen items will be checked next cycle
2026-09-30 18:34:14,391 - bot - INFO - Search summary 'PlayStation 5': matched=6, already_seen=0, filtered_out=4, detail_failed=0, dry_run=False
2026-09-30 18:34:14,392 - bot - INFO - Running search: iPhone XR
2026-09-30 18:34:16,026 - bot - INFO - Found 96 items for 'iPhone XR'
2026-09-30 18:34:17,931 - bot - INFO - NEW MATCH: iPhone XR - Item 10195368944
2026-09-30 18:34:24,735 - notifier - INFO - SENT: Text message sent to 7688548847
2026-09-30 18:34:24,736 - notifier - INFO - SENT: Alert sent to 7688548847 for item 10195368944
2026-09-30 18:34:26,650 - bot - INFO - NEW MATCH: iPhone XR - Item 10195324033
2026-09-30 18:34:33,282 - notifier - INFO - SENT: Text message sent to 7688548847
2026-09-30 18:34:33,282 - notifier - INFO - SENT: Alert sent to 7688548847 for item 10195324033
2026-09-30 18:34:35,282 - bot - INFO - NEW MATCH: iPhone XR - Item 10195303066
2026-09-30 18:34:41,662 - notifier - INFO - SENT: Text message sent to 7688548847
2026-09-30 18:34:41,664 - notifier - INFO - SENT: Alert sent to 7688548847 for item 10195303066
2026-09-30 18:34:43,554 - bot - INFO - NEW MATCH: iPhone XR - Item 10195289732
2026-09-30 18:34:50,036 - notifier - INFO - SENT: Text message sent to 7688548847
2026-09-30 18:34:50,039 - notifier - INFO - SENT: Alert sent to 7688548847 for item 10195289732
2026-09-30 18:34:58,228 - bot - INFO - NEW MATCH: iPhone XR - Item 10193540778
2026-09-30 18:35:05,018 - notifier - INFO - SENT: Text message sent to 7688548847
2026-09-30 18:35:05,018 - notifier - INFO - SENT: Alert sent to 7688548847 for item 10193540778
2026-09-30 18:35:07,013 - bot - INFO - NEW MATCH: iPhone XR - Item 10193286161
2026-09-30 18:35:13,782 - notifier - INFO - SENT: Text message sent to 7688548847
2026-09-30 18:35:13,788 - notifier - INFO - SENT: Alert sent to 7688548847 for item 10193286161
2026-09-30 18:35:16,141 - bot - INFO - NEW MATCH: iPhone XR - Item 10192943163
2026-09-30 18:35:22,497 - notifier - INFO - SENT: Text message sent to 7688548847
2026-09-30 18:35:22,498 - notifier - INFO - SENT: Alert sent to 7688548847 for item 10192943163
2026-09-30 18:35:22,522 - bot - INFO - Detail limit reached for 'iPhone XR' (10); remaining unseen items will be checked next cycle
2026-09-30 18:35:22,527 - bot - INFO - Search summary 'iPhone XR': matched=7, already_seen=0, filtered_out=3, detail_failed=0, dry_run=False
2026-09-30 18:35:22,529 - bot - INFO - Running search: iPhone 11
2026-09-30 18:35:24,924 - bot - INFO - Found 96 items for 'iPhone 11'
2026-09-30 18:35:27,031 - bot - INFO - NEW MATCH: iPhone 11 - Item 10195494943
2026-09-30 18:35:53,466 - notifier - INFO - SENT: Text message sent to 7688548847
2026-09-30 18:35:53,467 - notifier - INFO - SENT: Alert sent to 7688548847 for item 10195494943
2026-09-30 18:35:55,388 - bot - INFO - NEW MATCH: iPhone 11 - Item 10195432181
2026-09-30 18:36:01,479 - notifier - INFO - SENT: Text message sent to 7688548847
2026-09-30 18:36:01,483 - notifier - INFO - SENT: Alert sent to 7688548847 for item 10195432181
2026-09-30 18:36:03,599 - bot - INFO - NEW MATCH: iPhone 11 - Item 10195437135
2026-09-30 18:36:09,964 - notifier - INFO - SENT: Text message sent to 7688548847
2026-09-30 18:36:09,966 - notifier - INFO - SENT: Alert sent to 7688548847 for item 10195437135
2026-09-30 18:36:14,134 - bot - INFO - NEW MATCH: iPhone 11 - Item 10195288508
2026-09-30 18:36:20,970 - notifier - INFO - SENT: Text message sent to 7688548847
2026-09-30 18:36:20,971 - notifier - INFO - SENT: Alert sent to 7688548847 for item 10195288508
2026-09-30 18:36:22,973 - bot - INFO - NEW MATCH: iPhone 11 - Item 10195250698
2026-09-30 18:36:29,252 - notifier - INFO - SENT: Text message sent to 7688548847
2026-09-30 18:36:29,252 - notifier - INFO - SENT: Alert sent to 7688548847 for item 10195250698
2026-09-30 18:36:31,238 - bot - INFO - NEW MATCH: iPhone 11 - Item 10195325128
2026-09-30 18:36:37,061 - notifier - INFO - SENT: Text message sent to 7688548847
2026-09-30 18:36:37,062 - notifier - INFO - SENT: Alert sent to 7688548847 for item 10195325128
2026-09-30 18:36:42,701 - bot - INFO - Detail limit reached for 'iPhone 11' (10); remaining unseen items will be checked next cycle
2026-09-30 18:36:42,702 - bot - INFO - Search summary 'iPhone 11': matched=6, already_seen=1, filtered_out=5, detail_failed=0, dry_run=False
2026-09-30 18:36:42,702 - bot - INFO - Running search: iPhone 11
2026-09-30 18:36:44,192 - bot - INFO - Found 96 items for 'iPhone 11'
2026-09-30 18:36:46,089 - bot - INFO - NEW MATCH: iPhone 11 - Item 10195635612
2026-09-30 18:36:50,582 - notifier - INFO - SENT: Text message sent to 7688548847
2026-09-30 18:36:50,584 - notifier - INFO - SENT: Alert sent to 7688548847 for item 10195635612
2026-09-30 18:37:00,602 - root - INFO - Starting Vinted Alert Bot...
2026-09-30 18:37:01,920 - root - INFO - Telegram bot validated: @Vinted_go_bot
2026-09-30 18:37:04,419 - notifier - INFO - SENT: Text message sent to 7688548847
2026-09-30 18:37:04,421 - scraper - INFO - Fetching new cookies from https://www.vinted.pt...
2026-09-30 18:37:06,104 - scraper - INFO - Successfully fetched and saved new cookies.
2026-09-30 18:37:08,452 - bot - INFO - Detail limit reached for 'iPhone 11' (10); remaining unseen items will be checked next cycle
2026-09-30 18:37:08,456 - bot - INFO - Search summary 'iPhone 11': matched=1, already_seen=11, filtered_out=9, detail_failed=0, dry_run=False
2026-09-30 18:37:08,460 - bot - INFO - Running search: iPhone 11 Pro Max
2026-09-30 18:37:08,558 - root - INFO - Telegram commands enabled: /pause, /resume, /status, /search
2026-09-30 18:37:08,560 - root - INFO - Running in scheduler mode. Interval: 30 minutes.
2026-09-30 18:37:08,569 - root - INFO - --- Starting periodic check ---
2026-09-30 18:37:08,570 - bot - INFO - Running search: PlayStation 5
2026-09-30 18:37:10,177 - bot - INFO - Found 96 items for 'iPhone 11 Pro Max'
2026-09-30 18:37:10,428 - bot - INFO - Found 96 items for 'PlayStation 5'
2026-09-30 18:37:11,173 - telegram_commands - ERROR - Failed to fetch Telegram updates: HTTP 409
2026-09-30 18:37:12,307 - bot - INFO - NEW MATCH: PlayStation 5 - Item 10195112513
2026-09-30 18:37:12,914 - bot - INFO - NEW MATCH: iPhone 11 Pro Max - Item 10189586505
2026-09-30 18:37:18,914 - telegram_commands - ERROR - Failed to fetch Telegram updates: HTTP 409
2026-09-30 18:37:21,180 - notifier - INFO - SENT: Text message sent to 7688548847
2026-09-30 18:37:21,180 - notifier - INFO - SENT: Alert sent to 7688548847 for item 10189586505
2026-09-30 18:37:21,224 - notifier - INFO - SENT: Text message sent to 7688548847
2026-09-30 18:37:21,228 - notifier - INFO - SENT: Alert sent to 7688548847 for item 10195112513
2026-09-30 18:37:25,489 - bot - INFO - NEW MATCH: iPhone 11 Pro Max - Item 9139562779
2026-09-30 18:37:26,913 - telegram_commands - ERROR - Failed to fetch Telegram updates: HTTP 409
2026-09-30 18:37:32,866 - notifier - INFO - SENT: Text message sent to 7688548847
2026-09-30 18:37:32,867 - notifier - INFO - SENT: Alert sent to 7688548847 for item 9139562779
2026-09-30 18:37:34,854 - bot - INFO - NEW MATCH: iPhone 11 Pro Max - Item 10164463098
2026-09-30 18:37:35,103 - bot - INFO - NEW MATCH: PlayStation 5 - Item 10193987817
2026-09-30 18:37:42,866 - notifier - INFO - SENT: Text message sent to 7688548847
2026-09-30 18:37:42,868 - notifier - INFO - SENT: Alert sent to 7688548847 for item 10164463098
2026-09-30 18:37:43,523 - notifier - INFO - SENT: Text message sent to 7688548847
2026-09-30 18:37:43,525 - notifier - INFO - SENT: Alert sent to 7688548847 for item 10193987817
2026-09-30 18:37:45,131 - bot - INFO - NEW MATCH: iPhone 11 Pro Max - Item 10160192076
2026-09-30 18:37:47,632 - bot - INFO - Detail limit reached for 'PlayStation 5' (10); remaining unseen items will be checked next cycle
2026-09-30 18:37:47,634 - bot - INFO - Search summary 'PlayStation 5': matched=2, already_seen=9, filtered_out=8, detail_failed=0, dry_run=False
2026-09-30 18:37:47,635 - bot - INFO - Running search: iPhone XR
2026-09-30 18:37:49,399 - bot - INFO - Found 96 items for 'iPhone XR'
2026-09-30 18:37:51,669 - bot - INFO - NEW MATCH: iPhone XR - Item 10192928769
2026-09-30 18:37:58,155 - notifier - INFO - SENT: Text message sent to 7688548847
2026-09-30 18:37:58,156 - notifier - INFO - SENT: Alert sent to 7688548847 for item 10192928769
2026-09-30 18:38:05,844 - bot - INFO - NEW MATCH: iPhone XR - Item 10192216070
2026-09-30 18:38:12,373 - notifier - INFO - SENT: Text message sent to 7688548847
2026-09-30 18:38:12,374 - notifier - INFO - SENT: Alert sent to 7688548847 for item 10160192076
2026-09-30 18:38:13,249 - notifier - INFO - SENT: Text message sent to 7688548847
2026-09-30 18:38:13,253 - notifier - INFO - SENT: Alert sent to 7688548847 for item 10192216070
2026-09-30 18:38:14,388 - bot - INFO - NEW MATCH: iPhone 11 Pro Max - Item 10160621827
2026-09-30 18:38:15,165 - telegram_commands - ERROR - Failed to fetch Telegram updates: HTTP 409
2026-09-30 18:38:15,202 - bot - INFO - NEW MATCH: iPhone XR - Item 10192036034
2026-09-30 18:38:22,088 - notifier - INFO - SENT: Text message sent to 7688548847
2026-09-30 18:38:22,090 - notifier - INFO - SENT: Alert sent to 7688548847 for item 10160621827
2026-09-30 18:38:23,014 - notifier - INFO - SENT: Text message sent to 7688548847
2026-09-30 18:38:23,017 - notifier - INFO - SENT: Alert sent to 7688548847 for item 10192036034
2026-09-30 18:38:25,001 - bot - INFO - NEW MATCH: iPhone XR - Item 10192027830
2026-09-30 18:38:26,215 - telegram_commands - ERROR - Failed to fetch Telegram updates: HTTP 409
2026-09-30 18:38:27,113 - bot - INFO - NEW MATCH: iPhone 11 Pro Max - Item 10154648716
2026-09-30 18:38:32,066 - notifier - INFO - SENT: Text message sent to 7688548847
2026-09-30 18:38:32,068 - notifier - INFO - SENT: Alert sent to 7688548847 for item 10192027830
2026-09-30 18:38:34,386 - bot - INFO - NEW MATCH: iPhone XR - Item 10191071731
2026-09-30 18:38:41,321 - notifier - INFO - SENT: Text message sent to 7688548847
2026-09-30 18:38:41,324 - notifier - INFO - SENT: Alert sent to 7688548847 for item 10191071731
2026-09-30 18:38:43,294 - bot - INFO - NEW MATCH: iPhone XR - Item 10191039442
2026-09-30 18:38:51,042 - telegram_commands - ERROR - Failed to fetch Telegram updates: HTTP 409
2026-09-30 18:38:51,632 - notifier - INFO - SENT: Text message sent to 7688548847
2026-09-30 18:38:51,634 - notifier - INFO - SENT: Alert sent to 7688548847 for item 10191039442
2026-09-30 18:38:53,548 - bot - INFO - NEW MATCH: iPhone XR - Item 10190558566
2026-09-30 18:38:54,140 - notifier - INFO - SENT: Text message sent to 7688548847
2026-09-30 18:38:54,141 - notifier - INFO - SENT: Alert sent to 7688548847 for item 10154648716
2026-09-30 18:38:56,061 - bot - INFO - NEW MATCH: iPhone 11 Pro Max - Item 10153917736
2026-09-30 18:39:00,446 - notifier - INFO - SENT: Text message sent to 7688548847
2026-09-30 18:39:00,448 - notifier - INFO - SENT: Alert sent to 7688548847 for item 10190558566
2026-09-30 18:39:00,475 - bot - INFO - Detail limit reached for 'iPhone XR' (10); remaining unseen items will be checked next cycle
2026-09-30 18:39:00,485 - bot - INFO - Search summary 'iPhone XR': matched=7, already_seen=10, filtered_out=3, detail_failed=0, dry_run=False
2026-09-30 18:39:00,498 - bot - INFO - Running search: iPhone 11
2026-09-30 18:39:03,625 - notifier - INFO - SENT: Text message sent to 7688548847
2026-09-30 18:39:03,629 - notifier - INFO - SENT: Alert sent to 7688548847 for item 10153917736
2026-09-30 18:39:05,617 - bot - INFO - NEW MATCH: iPhone 11 Pro Max - Item 9978093284
2026-09-30 18:39:06,245 - bot - INFO - Found 96 items for 'iPhone 11'
2026-09-30 18:39:08,168 - bot - INFO - NEW MATCH: iPhone 11 - Item 10193887102
2026-09-30 18:39:13,696 - notifier - INFO - SENT: Text message sent to 7688548847
2026-09-30 18:39:13,697 - notifier - INFO - SENT: Alert sent to 7688548847 for item 9978093284
2026-09-30 18:39:13,729 - bot - INFO - Detail limit reached for 'iPhone 11 Pro Max' (10); remaining unseen items will be checked next cycle
2026-09-30 18:39:13,732 - bot - INFO - Search summary 'iPhone 11 Pro Max': matched=8, already_seen=0, filtered_out=2, detail_failed=0, dry_run=False
2026-09-30 18:39:13,734 - bot - INFO - Running search: iPhone 12
2026-09-30 18:39:15,423 - bot - INFO - Found 96 items for 'iPhone 12'
2026-09-30 18:39:17,427 - bot - INFO - NEW MATCH: iPhone 12 - Item 10195611359
2026-09-30 18:39:24,466 - notifier - INFO - SENT: Text message sent to 7688548847
2026-09-30 18:39:24,467 - notifier - INFO - SENT: Alert sent to 7688548847 for item 10195611359
2026-09-30 18:39:31,501 - telegram_commands - ERROR - Failed to fetch Telegram updates: HTTP 409
2026-09-30 18:39:34,044 - notifier - INFO - SENT: Text message sent to 7688548847
2026-09-30 18:39:34,046 - notifier - INFO - SENT: Alert sent to 7688548847 for item 10193887102
2026-09-30 18:39:36,127 - bot - INFO - NEW MATCH: iPhone 11 - Item 10193644738
2026-09-30 18:39:39,302 - bot - INFO - NEW MATCH: iPhone 12 - Item 10193559289
2026-09-30 18:39:39,373 - telegram_commands - ERROR - Failed to fetch Telegram updates: HTTP 409
2026-09-30 18:39:46,860 - telegram_commands - ERROR - Failed to fetch Telegram updates: HTTP 409
2026-09-30 18:40:02,687 - notifier - INFO - SENT: Text message sent to 7688548847
2026-09-30 18:40:02,688 - notifier - INFO - SENT: Alert sent to 7688548847 for item 10193644738
2026-09-30 18:40:04,864 - bot - INFO - NEW MATCH: iPhone 11 - Item 10193774293
2026-09-30 18:40:06,076 - notifier - INFO - SENT: Text message sent to 7688548847
2026-09-30 18:40:06,079 - notifier - INFO - SENT: Alert sent to 7688548847 for item 10193559289
2026-09-30 18:40:08,115 - bot - INFO - NEW MATCH: iPhone 12 - Item 10192355314
2026-09-30 18:40:11,974 - notifier - INFO - SENT: Text message sent to 7688548847
2026-09-30 18:40:11,976 - notifier - INFO - SENT: Alert sent to 7688548847 for item 10193774293
2026-09-30 18:40:14,308 - bot - INFO - NEW MATCH: iPhone 11 - Item 10193213087
2026-09-30 18:40:14,993 - notifier - INFO - SENT: Text message sent to 7688548847
2026-09-30 18:40:14,997 - notifier - INFO - SENT: Alert sent to 7688548847 for item 10192355314
2026-09-30 18:40:17,063 - bot - INFO - NEW MATCH: iPhone 12 - Item 10191834703
2026-09-30 18:40:24,864 - notifier - INFO - SENT: Text message sent to 7688548847
2026-09-30 18:40:24,865 - notifier - INFO - SENT: Alert sent to 7688548847 for item 10191834703
2026-09-30 18:40:24,896 - bot - INFO - Detail limit reached for 'iPhone 12' (10); remaining unseen items will be checked next cycle
2026-09-30 18:40:24,898 - bot - INFO - Search summary 'iPhone 12': matched=4, already_seen=0, filtered_out=13, detail_failed=0, dry_run=False
2026-09-30 18:40:24,900 - bot - INFO - Running search: iPhone 12 Pro
2026-09-30 18:40:26,542 - bot - INFO - Found 96 items for 'iPhone 12 Pro'
2026-09-30 18:40:30,404 - bot - INFO - NEW MATCH: iPhone 12 Pro - Item 10192126063
2026-09-30 18:40:36,582 - telegram_commands - ERROR - Failed to fetch Telegram updates: HTTP 409
2026-09-30 18:40:38,004 - notifier - INFO - SENT: Text message sent to 7688548847
2026-09-30 18:40:38,009 - notifier - INFO - SENT: Alert sent to 7688548847 for item 10192126063
2026-09-30 18:40:40,096 - bot - INFO - NEW MATCH: iPhone 12 Pro - Item 10190510017
2026-09-30 18:40:43,105 - notifier - INFO - SENT: Text message sent to 7688548847
2026-09-30 18:40:43,111 - notifier - INFO - SENT: Alert sent to 7688548847 for item 10193213087
2026-09-30 18:40:45,093 - bot - INFO - NEW MATCH: iPhone 11 - Item 10193619884
2026-09-30 18:40:49,446 - notifier - INFO - SENT: Text message sent to 7688548847
2026-09-30 18:40:49,449 - notifier - INFO - SENT: Alert sent to 7688548847 for item 10190510017
2026-09-30 18:40:51,566 - bot - INFO - NEW MATCH: iPhone 12 Pro - Item 10188292873
2026-09-30 18:40:58,160 - notifier - INFO - SENT: Text message sent to 7688548847
2026-09-30 18:40:58,167 - notifier - INFO - SENT: Alert sent to 7688548847 for item 10188292873
2026-09-30 18:41:00,227 - bot - INFO - NEW MATCH: iPhone 12 Pro - Item 10189832716
2026-09-30 18:41:04,286 - notifier - INFO - SENT: Text message sent to 7688548847
2026-09-30 18:41:04,288 - notifier - INFO - SENT: Alert sent to 7688548847 for item 10193619884
2026-09-30 18:41:06,265 - bot - INFO - NEW MATCH: iPhone 11 - Item 10192993626
2026-09-30 18:41:07,805 - notifier - INFO - SENT: Text message sent to 7688548847
2026-09-30 18:41:07,812 - notifier - INFO - SENT: Alert sent to 7688548847 for item 10189832716
2026-09-30 18:41:10,156 - bot - INFO - NEW MATCH: iPhone 12 Pro - Item 10189706008
2026-09-30 18:41:15,428 - notifier - INFO - SENT: Text message sent to 7688548847
2026-09-30 18:41:15,459 - notifier - INFO - SENT: Alert sent to 7688548847 for item 10192993626
2026-09-30 18:41:17,717 - bot - INFO - NEW MATCH: iPhone 11 - Item 10192655264
2026-09-30 18:41:19,355 - notifier - INFO - SENT: Text message sent to 7688548847
2026-09-30 18:41:19,356 - notifier - INFO - SENT: Alert sent to 7688548847 for item 10189706008
2026-09-30 18:41:20,764 - telegram_commands - ERROR - Failed to fetch Telegram updates: HTTP 409
2026-09-30 18:41:21,333 - bot - INFO - NEW MATCH: iPhone 12 Pro - Item 10189159891
2026-09-30 18:41:28,222 - notifier - INFO - SENT: Text message sent to 7688548847
2026-09-30 18:41:28,226 - notifier - INFO - SENT: Alert sent to 7688548847 for item 10189159891
2026-09-30 18:41:30,153 - bot - INFO - NEW MATCH: iPhone 12 Pro - Item 10187584290
2026-09-30 18:41:37,482 - notifier - INFO - SENT: Text message sent to 7688548847
2026-09-30 18:41:37,483 - notifier - INFO - SENT: Alert sent to 7688548847 for item 10187584290
2026-09-30 18:41:41,348 - bot - INFO - NEW MATCH: iPhone 12 Pro - Item 10185084696
2026-09-30 18:41:44,913 - notifier - INFO - SENT: Text message sent to 7688548847
2026-09-30 18:41:44,917 - notifier - INFO - SENT: Alert sent to 7688548847 for item 10192655264
2026-09-30 18:41:47,011 - bot - INFO - NEW MATCH: iPhone 11 - Item 10180642508
2026-09-30 18:41:48,853 - notifier - INFO - SENT: Text message sent to 7688548847
2026-09-30 18:41:48,855 - notifier - INFO - SENT: Alert sent to 7688548847 for item 10185084696
2026-09-30 18:41:48,927 - bot - INFO - Detail limit reached for 'iPhone 12 Pro' (10); remaining unseen items will be checked next cycle
2026-09-30 18:41:48,933 - bot - INFO - Search summary 'iPhone 12 Pro': matched=8, already_seen=8, filtered_out=6, detail_failed=0, dry_run=False
2026-09-30 18:41:48,934 - bot - INFO - Running search: iPhone 12 Pro Max
2026-09-30 18:41:50,562 - bot - INFO - Found 96 items for 'iPhone 12 Pro Max'
2026-09-30 18:41:52,510 - bot - INFO - NEW MATCH: iPhone 12 Pro Max - Item 10191726602
2026-09-30 18:41:59,825 - notifier - INFO - SENT: Text message sent to 7688548847
2026-09-30 18:41:59,828 - notifier - INFO - SENT: Alert sent to 7688548847 for item 10191726602
2026-09-30 18:42:02,109 - bot - INFO - NEW MATCH: iPhone 12 Pro Max - Item 10191019126
2026-09-30 18:42:11,299 - notifier - INFO - SENT: Text message sent to 7688548847
2026-09-30 18:42:11,318 - notifier - INFO - SENT: Alert sent to 7688548847 for item 10191019126
2026-09-30 18:42:13,249 - bot - INFO - NEW MATCH: iPhone 12 Pro Max - Item 10190808218
2026-09-30 18:42:14,023 - notifier - INFO - SENT: Text message sent to 7688548847
2026-09-30 18:42:14,024 - notifier - INFO - SENT: Alert sent to 7688548847 for item 10180642508
2026-09-30 18:42:16,185 - bot - INFO - NEW MATCH: iPhone 11 - Item 10192793030
2026-09-30 18:42:21,734 - notifier - INFO - SENT: Text message sent to 7688548847
2026-09-30 18:42:21,736 - notifier - INFO - SENT: Alert sent to 7688548847 for item 10190808218
2026-09-30 18:42:25,139 - bot - INFO - NEW MATCH: iPhone 12 Pro Max - Item 10190546188
2026-09-30 18:42:31,919 - telegram_commands - ERROR - Failed to fetch Telegram updates: HTTP 409
2026-09-30 18:42:32,486 - notifier - INFO - SENT: Text message sent to 7688548847
2026-09-30 18:42:32,487 - notifier - INFO - SENT: Alert sent to 7688548847 for item 10190546188
2026-09-30 18:42:34,312 - bot - INFO - NEW MATCH: iPhone 12 Pro Max - Item 10190443780
2026-09-30 18:42:37,386 - telegram_commands - ERROR - Failed to fetch Telegram updates: HTTP 409
2026-09-30 18:42:38,673 - notifier - INFO - SENT: Text message sent to 7688548847
2026-09-30 18:42:38,674 - notifier - INFO - SENT: Alert sent to 7688548847 for item 10190443780
2026-09-30 18:42:40,510 - bot - INFO - NEW MATCH: iPhone 12 Pro Max - Item 10189733314
2026-09-30 18:42:42,324 - notifier - INFO - SENT: Text message sent to 7688548847
2026-09-30 18:42:42,325 - notifier - INFO - SENT: Alert sent to 7688548847 for item 10192793030
2026-09-30 18:42:42,468 - telegram_commands - ERROR - Failed to fetch Telegram updates: HTTP 409
2026-10-02 11:29:49,248 - root - INFO - Starting Vinted Alert Bot...
2026-10-02 11:29:50,722 - root - INFO - Telegram bot validated: @Vinted_go_bot
2026-10-02 11:29:52,884 - notifier - INFO - SENT: Text message sent to 7688548847
2026-10-02 11:29:52,893 - scraper - INFO - Fetching new cookies from https://www.vinted.pt...
2026-10-02 11:29:54,150 - scraper - INFO - Successfully fetched and saved new cookies.
2026-10-02 11:29:55,556 - root - INFO - Telegram commands enabled: /pause, /resume, /status, /search
2026-10-02 11:29:55,556 - root - INFO - Running in scheduler mode. Interval: 30 minutes.
2026-10-02 11:29:55,567 - root - INFO - --- Starting periodic check ---
2026-10-02 11:29:55,567 - bot - INFO - Running search: PlayStation 5
2026-10-02 11:29:57,159 - bot - INFO - Found 96 items for 'PlayStation 5'
2026-10-02 11:30:02,909 - bot - INFO - NEW MATCH: PlayStation 5 - Item 10211712605
2026-10-02 11:30:07,250 - notifier - INFO - SENT: Text message sent to 7688548847
2026-10-02 11:30:07,250 - notifier - INFO - SENT: Alert sent to 7688548847 for item 10211712605
2026-10-02 11:30:10,843 - bot - INFO - NEW MATCH: PlayStation 5 - Item 10211527654
2026-10-02 11:30:21,281 - notifier - INFO - SENT: Text message sent to 7688548847
2026-10-02 11:30:21,289 - notifier - INFO - SENT: Alert sent to 7688548847 for item 10211527654
2026-10-02 11:30:27,162 - bot - INFO - NEW MATCH: PlayStation 5 - Item 10211210861
2026-10-02 11:30:54,582 - notifier - INFO - SENT: Text message sent to 7688548847
2026-10-02 11:30:54,588 - notifier - INFO - SENT: Alert sent to 7688548847 for item 10211210861
2026-10-02 11:30:56,674 - bot - INFO - NEW MATCH: PlayStation 5 - Item 10211104793
2026-10-02 11:31:23,278 - notifier - INFO - SENT: Text message sent to 7688548847
2026-10-02 11:31:23,279 - notifier - INFO - SENT: Alert sent to 7688548847 for item 10211104793
2026-10-02 11:31:25,251 - bot - INFO - NEW MATCH: PlayStation 5 - Item 10211349320
2026-10-02 11:31:49,460 - notifier - INFO - SENT: Text message sent to 7688548847
2026-10-02 11:31:49,461 - notifier - INFO - SENT: Alert sent to 7688548847 for item 10211349320
2026-10-02 11:31:49,491 - bot - INFO - Detail limit reached for 'PlayStation 5' (10); remaining unseen items will be checked next cycle
2026-10-02 11:31:49,497 - bot - INFO - Search summary 'PlayStation 5': matched=5, already_seen=0, filtered_out=5, detail_failed=0, dry_run=False
2026-10-02 11:31:49,504 - bot - INFO - Running search: iPhone XR
2026-10-02 11:31:50,584 - bot - INFO - Found 96 items for 'iPhone XR'
2026-10-02 11:31:52,346 - bot - INFO - NEW MATCH: iPhone XR - Item 10212911885
2026-10-02 11:31:57,876 - notifier - INFO - SENT: Text message sent to 7688548847
2026-10-02 11:31:57,876 - notifier - INFO - SENT: Alert sent to 7688548847 for item 10212911885
2026-10-02 11:32:00,191 - bot - INFO - NEW MATCH: iPhone XR - Item 10212811669
2026-10-02 11:32:24,354 - notifier - INFO - SENT: Text message sent to 7688548847
2026-10-02 11:32:24,356 - notifier - INFO - SENT: Alert sent to 7688548847 for item 10212811669
2026-10-02 11:32:26,166 - bot - INFO - NEW MATCH: iPhone XR - Item 10212634785
2026-10-02 11:32:31,102 - notifier - INFO - SENT: Text message sent to 7688548847
2026-10-02 11:32:31,103 - notifier - INFO - SENT: Alert sent to 7688548847 for item 10212634785
2026-10-02 11:32:38,461 - bot - INFO - NEW MATCH: iPhone XR - Item 10210650209
2026-10-02 11:32:43,211 - notifier - INFO - SENT: Text message sent to 7688548847
2026-10-02 11:32:43,212 - notifier - INFO - SENT: Alert sent to 7688548847 for item 10210650209
2026-10-02 11:32:45,041 - bot - INFO - NEW MATCH: iPhone XR - Item 10210653166
2026-10-02 11:32:49,845 - notifier - INFO - SENT: Text message sent to 7688548847
2026-10-02 11:32:49,845 - notifier - INFO - SENT: Alert sent to 7688548847 for item 10210653166
2026-10-02 11:32:51,721 - bot - INFO - NEW MATCH: iPhone XR - Item 10211757377
2026-10-02 11:32:57,103 - notifier - INFO - SENT: Text message sent to 7688548847
2026-10-02 11:32:57,104 - notifier - INFO - SENT: Alert sent to 7688548847 for item 10211757377
2026-10-02 11:32:58,955 - bot - INFO - NEW MATCH: iPhone XR - Item 10211679039
2026-10-02 11:33:04,515 - notifier - INFO - SENT: Text message sent to 7688548847
2026-10-02 11:33:04,516 - notifier - INFO - SENT: Alert sent to 7688548847 for item 10211679039
2026-10-02 11:33:04,535 - bot - INFO - Detail limit reached for 'iPhone XR' (10); remaining unseen items will be checked next cycle
2026-10-02 11:33:04,544 - bot - INFO - Search summary 'iPhone XR': matched=7, already_seen=0, filtered_out=3, detail_failed=0, dry_run=False
2026-10-02 11:33:04,546 - bot - INFO - Running search: iPhone 11
2026-10-02 11:33:05,741 - bot - INFO - Found 96 items for 'iPhone 11'
2026-10-02 11:33:07,645 - bot - INFO - NEW MATCH: iPhone 11 - Item 10212924006
2026-10-02 11:33:12,795 - notifier - INFO - SENT: Text message sent to 7688548847
2026-10-02 11:33:12,797 - notifier - INFO - SENT: Alert sent to 7688548847 for item 10212924006
2026-10-02 11:33:14,645 - bot - INFO - NEW MATCH: iPhone 11 - Item 10212864411
2026-10-02 11:33:19,858 - notifier - INFO - SENT: Text message sent to 7688548847
2026-10-02 11:33:19,858 - notifier - INFO - SENT: Alert sent to 7688548847 for item 10212864411
2026-10-02 11:33:21,610 - bot - INFO - NEW MATCH: iPhone 11 - Item 10212869117
2026-10-02 11:33:26,600 - notifier - INFO - SENT: Text message sent to 7688548847
2026-10-02 11:33:26,603 - notifier - INFO - SENT: Alert sent to 7688548847 for item 10212869117
2026-10-02 11:33:39,736 - bot - INFO - NEW MATCH: iPhone 11 - Item 10209384852
2026-10-02 11:33:45,384 - notifier - INFO - SENT: Text message sent to 7688548847
2026-10-02 11:33:45,384 - notifier - INFO - SENT: Alert sent to 7688548847 for item 10209384852
2026-10-02 11:33:45,403 - bot - INFO - Detail limit reached for 'iPhone 11' (10); remaining unseen items will be checked next cycle
2026-10-02 11:33:45,403 - bot - INFO - Search summary 'iPhone 11': matched=4, already_seen=1, filtered_out=6, detail_failed=0, dry_run=False
2026-10-02 11:33:45,404 - bot - INFO - Running search: iPhone 11
2026-10-02 11:33:46,523 - bot - INFO - Found 96 items for 'iPhone 11'
2026-10-02 11:33:50,640 - bot - INFO - NEW MATCH: iPhone 11 - Item 10210235106
2026-10-02 11:33:54,951 - notifier - INFO - SENT: Text message sent to 7688548847
2026-10-02 11:33:54,951 - notifier - INFO - SENT: Alert sent to 7688548847 for item 10210235106
2026-10-02 11:33:58,952 - bot - INFO - NEW MATCH: iPhone 11 - Item 10208843187
2026-10-02 11:34:23,064 - notifier - INFO - SENT: Text message sent to 7688548847
2026-10-02 11:34:23,065 - notifier - INFO - SENT: Alert sent to 7688548847 for item 10208843187
2026-10-02 11:34:24,927 - bot - INFO - NEW MATCH: iPhone 11 - Item 10208920882
2026-10-02 11:34:30,242 - notifier - INFO - SENT: Text message sent to 7688548847
2026-10-02 11:34:30,243 - notifier - INFO - SENT: Alert sent to 7688548847 for item 10208920882
2026-10-02 11:34:32,253 - bot - INFO - NEW MATCH: iPhone 11 - Item 10208141136
2026-10-02 11:34:37,870 - notifier - INFO - SENT: Text message sent to 7688548847
2026-10-02 11:34:37,873 - notifier - INFO - SENT: Alert sent to 7688548847 for item 10208141136
2026-10-02 11:34:39,725 - bot - INFO - NEW MATCH: iPhone 11 - Item 10208026196
2026-10-02 11:34:45,225 - notifier - INFO - SENT: Text message sent to 7688548847
2026-10-02 11:34:45,226 - notifier - INFO - SENT: Alert sent to 7688548847 for item 10208026196
2026-10-02 11:34:49,093 - bot - INFO - NEW MATCH: iPhone 11 - Item 10208451161
2026-10-02 11:34:54,571 - notifier - INFO - SENT: Text message sent to 7688548847
2026-10-02 11:34:54,572 - notifier - INFO - SENT: Alert sent to 7688548847 for item 10208451161
2026-10-02 11:34:56,449 - bot - INFO - Detail limit reached for 'iPhone 11' (10); remaining unseen items will be checked next cycle
2026-10-02 11:34:56,449 - bot - INFO - Search summary 'iPhone 11': matched=6, already_seen=11, filtered_out=4, detail_failed=0, dry_run=False
2026-10-02 11:34:56,450 - bot - INFO - Running search: iPhone 11 Pro Max
2026-10-02 11:34:57,597 - bot - INFO - Found 96 items for 'iPhone 11 Pro Max'
2026-10-02 11:35:01,299 - bot - INFO - NEW MATCH: iPhone 11 Pro Max - Item 10202476768
2026-10-02 11:35:06,881 - notifier - INFO - SENT: Text message sent to 7688548847
2026-10-02 11:35:06,883 - notifier - INFO - SENT: Alert sent to 7688548847 for item 10202476768
2026-10-02 11:35:08,831 - bot - INFO - NEW MATCH: iPhone 11 Pro Max - Item 10203909449
2026-10-02 11:35:13,877 - notifier - INFO - SENT: Text message sent to 7688548847
2026-10-02 11:35:13,881 - notifier - INFO - SENT: Alert sent to 7688548847 for item 10203909449
2026-10-02 11:35:15,751 - bot - INFO - NEW MATCH: iPhone 11 Pro Max - Item 10205323981
2026-10-02 11:35:20,847 - notifier - INFO - SENT: Text message sent to 7688548847
2026-10-02 11:35:20,848 - notifier - INFO - SENT: Alert sent to 7688548847 for item 10205323981
2026-10-02 11:35:22,736 - bot - INFO - NEW MATCH: iPhone 11 Pro Max - Item 10203518467
2026-10-02 11:35:47,847 - notifier - INFO - SENT: Text message sent to 7688548847
2026-10-02 11:35:47,851 - notifier - INFO - SENT: Alert sent to 7688548847 for item 10203518467
2026-10-02 11:35:53,495 - bot - INFO - NEW MATCH: iPhone 11 Pro Max - Item 10128225478
2026-10-02 11:35:58,747 - notifier - INFO - SENT: Text message sent to 7688548847
2026-10-02 11:35:58,748 - notifier - INFO - SENT: Alert sent to 7688548847 for item 10128225478
2026-10-02 11:36:01,202 - bot - INFO - NEW MATCH: iPhone 11 Pro Max - Item 10137766379
2026-10-02 11:36:07,579 - notifier - INFO - SENT: Text message sent to 7688548847
2026-10-02 11:36:07,581 - notifier - INFO - SENT: Alert sent to 7688548847 for item 10137766379
2026-10-02 11:36:09,712 - bot - INFO - NEW MATCH: iPhone 11 Pro Max - Item 10144404335
2026-10-02 11:36:34,747 - notifier - INFO - SENT: Text message sent to 7688548847
2026-10-02 11:36:34,749 - notifier - INFO - SENT: Alert sent to 7688548847 for item 10144404335
2026-10-02 11:36:34,765 - bot - INFO - Detail limit reached for 'iPhone 11 Pro Max' (10); remaining unseen items will be checked next cycle
2026-10-02 11:36:34,766 - bot - INFO - Search summary 'iPhone 11 Pro Max': matched=7, already_seen=8, filtered_out=3, detail_failed=0, dry_run=False
2026-10-02 11:36:34,767 - bot - INFO - Running search: iPhone 12
2026-10-02 11:36:35,799 - bot - INFO - Found 96 items for 'iPhone 12'
2026-10-02 11:36:45,372 - bot - INFO - NEW MATCH: iPhone 12 - Item 10206037254
2026-10-02 11:36:51,105 - notifier - INFO - SENT: Text message sent to 7688548847
2026-10-02 11:36:51,106 - notifier - INFO - SENT: Alert sent to 7688548847 for item 10206037254
2026-10-02 11:36:52,945 - bot - INFO - NEW MATCH: iPhone 12 - Item 10206045170
2026-10-02 11:36:58,071 - notifier - INFO - SENT: Text message sent to 7688548847
2026-10-02 11:36:58,071 - notifier - INFO - SENT: Alert sent to 7688548847 for item 10206045170
2026-10-02 11:37:01,861 - bot - INFO - NEW MATCH: iPhone 12 - Item 10205470244
2026-10-02 11:37:06,212 - notifier - INFO - SENT: Text message sent to 7688548847
2026-10-02 11:37:06,214 - notifier - INFO - SENT: Alert sent to 7688548847 for item 10205470244
2026-10-02 11:37:08,001 - bot - INFO - NEW MATCH: iPhone 12 - Item 10204661889
2026-10-02 11:37:13,177 - notifier - INFO - SENT: Text message sent to 7688548847
2026-10-02 11:37:13,178 - notifier - INFO - SENT: Alert sent to 7688548847 for item 10204661889
2026-10-02 11:37:15,312 - bot - INFO - NEW MATCH: iPhone 12 - Item 10203709097
2026-10-02 11:37:20,729 - notifier - INFO - SENT: Text message sent to 7688548847
2026-10-02 11:37:20,731 - notifier - INFO - SENT: Alert sent to 7688548847 for item 10203709097
2026-10-02 11:37:20,742 - bot - INFO - Detail limit reached for 'iPhone 12' (10); remaining unseen items will be checked next cycle
2026-10-02 11:37:20,747 - bot - INFO - Search summary 'iPhone 12': matched=5, already_seen=0, filtered_out=13, detail_failed=0, dry_run=False
2026-10-02 11:37:20,753 - bot - INFO - Running search: iPhone 12 Pro
2026-10-02 11:37:21,831 - bot - INFO - Found 96 items for 'iPhone 12 Pro'
2026-10-02 11:37:25,842 - bot - INFO - NEW MATCH: iPhone 12 Pro - Item 10211356167
2026-10-02 11:37:31,213 - notifier - INFO - SENT: Text message sent to 7688548847
2026-10-02 11:37:31,215 - notifier - INFO - SENT: Alert sent to 7688548847 for item 10211356167
2026-10-02 11:37:33,026 - bot - INFO - NEW MATCH: iPhone 12 Pro - Item 10208064787
2026-10-02 11:37:38,388 - notifier - INFO - SENT: Text message sent to 7688548847
2026-10-02 11:37:38,389 - notifier - INFO - SENT: Alert sent to 7688548847 for item 10208064787
2026-10-02 11:37:40,294 - bot - INFO - NEW MATCH: iPhone 12 Pro - Item 10207567995
2026-10-02 11:37:44,724 - notifier - INFO - SENT: Text message sent to 7688548847
2026-10-02 11:37:44,725 - notifier - INFO - SENT: Alert sent to 7688548847 for item 10207567995
2026-10-02 11:37:46,822 - bot - INFO - NEW MATCH: iPhone 12 Pro - Item 10205821207
2026-10-02 11:37:48,705 - telegram_commands - ERROR - Failed to fetch Telegram updates: ReadTimeout
2026-10-02 11:37:51,715 - notifier - INFO - SENT: Text message sent to 7688548847
2026-10-02 11:37:51,715 - notifier - INFO - SENT: Alert sent to 7688548847 for item 10205821207
2026-10-02 11:37:53,615 - bot - INFO - NEW MATCH: iPhone 12 Pro - Item 10205580059
2026-10-02 11:37:58,515 - notifier - INFO - SENT: Text message sent to 7688548847
2026-10-02 11:37:58,519 - notifier - INFO - SENT: Alert sent to 7688548847 for item 10205580059
2026-10-02 11:38:00,667 - bot - INFO - NEW MATCH: iPhone 12 Pro - Item 10202923502
2026-10-02 11:38:25,953 - notifier - INFO - SENT: Text message sent to 7688548847
2026-10-02 11:38:25,954 - notifier - INFO - SENT: Alert sent to 7688548847 for item 10202923502
2026-10-02 11:38:28,043 - bot - INFO - NEW MATCH: iPhone 12 Pro - Item 10203103800
2026-10-02 11:38:33,562 - notifier - INFO - SENT: Text message sent to 7688548847
2026-10-02 11:38:33,563 - notifier - INFO - SENT: Alert sent to 7688548847 for item 10203103800
2026-10-02 11:38:37,359 - bot - INFO - Detail limit reached for 'iPhone 12 Pro' (10); remaining unseen items will be checked next cycle
2026-10-02 11:38:37,359 - bot - INFO - Search summary 'iPhone 12 Pro': matched=7, already_seen=10, filtered_out=8, detail_failed=0, dry_run=False
2026-10-02 11:38:37,362 - bot - INFO - Running search: iPhone 12 Pro Max
2026-10-02 11:38:38,784 - bot - INFO - Found 96 items for 'iPhone 12 Pro Max'
2026-10-02 11:38:42,634 - bot - INFO - NEW MATCH: iPhone 12 Pro Max - Item 10211906219
2026-10-02 11:38:48,171 - notifier - INFO - SENT: Text message sent to 7688548847
2026-10-02 11:38:48,172 - notifier - INFO - SENT: Alert sent to 7688548847 for item 10211906219
2026-10-02 11:38:50,098 - bot - INFO - NEW MATCH: iPhone 12 Pro Max - Item 10210939974
2026-10-02 11:38:55,452 - notifier - INFO - SENT: Text message sent to 7688548847
2026-10-02 11:38:55,453 - notifier - INFO - SENT: Alert sent to 7688548847 for item 10210939974
2026-10-02 11:38:59,341 - bot - INFO - NEW MATCH: iPhone 12 Pro Max - Item 10208219147
2026-10-02 11:39:04,783 - notifier - INFO - SENT: Text message sent to 7688548847
2026-10-02 11:39:04,784 - notifier - INFO - SENT: Alert sent to 7688548847 for item 10208219147
2026-10-02 11:39:06,598 - bot - INFO - NEW MATCH: iPhone 12 Pro Max - Item 10208349232
2026-10-02 11:39:11,713 - notifier - INFO - SENT: Text message sent to 7688548847
2026-10-02 11:39:11,716 - notifier - INFO - SENT: Alert sent to 7688548847 for item 10208349232
2026-10-02 11:39:13,860 - bot - INFO - NEW MATCH: iPhone 12 Pro Max - Item 10207031225
2026-10-02 11:39:20,151 - notifier - INFO - SENT: Text message sent to 7688548847
2026-10-02 11:39:20,152 - notifier - INFO - SENT: Alert sent to 7688548847 for item 10207031225
2026-10-02 11:39:21,951 - bot - INFO - NEW MATCH: iPhone 12 Pro Max - Item 10204521816
2026-10-02 11:39:47,043 - notifier - INFO - SENT: Text message sent to 7688548847
2026-10-02 11:39:47,043 - notifier - INFO - SENT: Alert sent to 7688548847 for item 10204521816
2026-10-02 11:39:51,027 - bot - INFO - Detail limit reached for 'iPhone 12 Pro Max' (10); remaining unseen items will be checked next cycle
2026-10-02 11:39:51,028 - bot - INFO - Search summary 'iPhone 12 Pro Max': matched=6, already_seen=3, filtered_out=4, detail_failed=0, dry_run=False
2026-10-02 11:39:51,028 - bot - INFO - Running search: iPhone 13
2026-10-02 11:39:52,137 - bot - INFO - Found 96 items for 'iPhone 13'
2026-10-02 11:39:53,856 - bot - INFO - NEW MATCH: iPhone 13 - Item 10213102458
2026-10-02 11:39:59,047 - notifier - INFO - SENT: Text message sent to 7688548847
2026-10-02 11:39:59,048 - notifier - INFO - SENT: Alert sent to 7688548847 for item 10213102458
2026-10-02 11:40:03,167 - bot - INFO - NEW MATCH: iPhone 13 - Item 10212996105
2026-10-02 11:40:08,985 - notifier - INFO - SENT: Text message sent to 7688548847
2026-10-02 11:40:08,986 - notifier - INFO - SENT: Alert sent to 7688548847 for item 10212996105
2026-10-02 11:40:11,095 - bot - INFO - NEW MATCH: iPhone 13 - Item 10212982511
2026-10-02 11:40:36,371 - notifier - INFO - SENT: Text message sent to 7688548847
2026-10-02 11:40:36,374 - notifier - INFO - SENT: Alert sent to 7688548847 for item 10212982511
2026-10-02 11:40:38,275 - bot - INFO - NEW MATCH: iPhone 13 - Item 10212970103
2026-10-02 11:40:44,513 - notifier - INFO - SENT: Text message sent to 7688548847
2026-10-02 11:40:44,522 - notifier - INFO - SENT: Alert sent to 7688548847 for item 10212970103
2026-10-02 11:40:46,471 - bot - INFO - NEW MATCH: iPhone 13 - Item 10212774388
2026-10-02 11:41:11,609 - notifier - INFO - SENT: Text message sent to 7688548847
2026-10-02 11:41:11,610 - notifier - INFO - SENT: Alert sent to 7688548847 for item 10212774388
2026-10-02 11:41:13,427 - bot - INFO - NEW MATCH: iPhone 13 - Item 10212889903
2026-10-02 11:41:19,223 - notifier - INFO - SENT: Text message sent to 7688548847
2026-10-02 11:41:19,231 - notifier - INFO - SENT: Alert sent to 7688548847 for item 10212889903
2026-10-02 11:41:21,225 - bot - INFO - NEW MATCH: iPhone 13 - Item 10212878412
2026-10-02 11:41:28,357 - notifier - INFO - SENT: Text message sent to 7688548847
2026-10-02 11:41:28,357 - notifier - INFO - SENT: Alert sent to 7688548847 for item 10212878412
2026-10-02 11:41:30,227 - bot - INFO - NEW MATCH: iPhone 13 - Item 10212843169
2026-10-02 11:41:35,205 - notifier - INFO - SENT: Text message sent to 7688548847
2026-10-02 11:41:35,205 - notifier - INFO - SENT: Alert sent to 7688548847 for item 10212843169
2026-10-02 11:41:37,232 - bot - INFO - NEW MATCH: iPhone 13 - Item 10212806938
2026-10-02 11:41:42,718 - notifier - INFO - SENT: Text message sent to 7688548847
2026-10-02 11:41:42,719 - notifier - INFO - SENT: Alert sent to 7688548847 for item 10212806938
2026-10-02 11:41:42,763 - bot - INFO - Detail limit reached for 'iPhone 13' (10); remaining unseen items will be checked next cycle
2026-10-02 11:41:42,771 - bot - INFO - Search summary 'iPhone 13': matched=9, already_seen=0, filtered_out=3, detail_failed=0, dry_run=False
2026-10-02 11:41:42,775 - bot - INFO - Running search: iPhone 13 Pro
2026-10-02 11:41:43,988 - bot - INFO - Found 96 items for 'iPhone 13 Pro'
2026-10-02 11:41:51,393 - bot - INFO - NEW MATCH: iPhone 13 Pro - Item 10211601671
2026-10-02 11:42:16,521 - notifier - INFO - SENT: Text message sent to 7688548847
2026-10-02 11:42:16,523 - notifier - INFO - SENT: Alert sent to 7688548847 for item 10211601671
2026-10-02 11:42:22,294 - bot - INFO - NEW MATCH: iPhone 13 Pro - Item 10210857865
2026-10-02 11:42:46,278 - notifier - INFO - SENT: Text message sent to 7688548847
2026-10-02 11:42:46,279 - notifier - INFO - SENT: Alert sent to 7688548847 for item 10210857865
2026-10-02 11:42:48,158 - bot - INFO - NEW MATCH: iPhone 13 Pro - Item 10209572009
2026-10-02 11:43:12,787 - notifier - INFO - SENT: Text message sent to 7688548847
2026-10-02 11:43:12,789 - notifier - INFO - SENT: Alert sent to 7688548847 for item 10209572009
2026-10-02 11:43:14,808 - bot - INFO - NEW MATCH: iPhone 13 Pro - Item 10209333336
2026-10-02 11:43:21,414 - notifier - INFO - SENT: Text message sent to 7688548847
2026-10-02 11:43:21,418 - notifier - INFO - SENT: Alert sent to 7688548847 for item 10209333336
2026-10-02 11:43:23,312 - bot - INFO - NEW MATCH: iPhone 13 Pro - Item 10208642913
2026-10-02 11:43:28,617 - notifier - INFO - SENT: Text message sent to 7688548847
2026-10-02 11:43:28,620 - notifier - INFO - SENT: Alert sent to 7688548847 for item 10208642913
2026-10-02 11:43:28,666 - bot - INFO - Detail limit reached for 'iPhone 13 Pro' (10); remaining unseen items will be checked next cycle
2026-10-02 11:43:28,671 - bot - INFO - Search summary 'iPhone 13 Pro': matched=5, already_seen=2, filtered_out=13, detail_failed=0, dry_run=False
2026-10-02 11:43:28,676 - bot - INFO - Running search: iPhone 13 Pro Max
2026-10-02 11:43:29,834 - bot - INFO - Found 96 items for 'iPhone 13 Pro Max'
2026-10-02 11:43:33,712 - bot - INFO - NEW MATCH: iPhone 13 Pro Max - Item 10208128406
2026-10-02 11:43:58,135 - notifier - INFO - SENT: Text message sent to 7688548847
2026-10-02 11:43:58,138 - notifier - INFO - SENT: Alert sent to 7688548847 for item 10208128406
2026-10-02 11:44:00,040 - bot - INFO - NEW MATCH: iPhone 13 Pro Max - Item 10208148904
2026-10-02 11:44:16,874 - notifier - INFO - SENT: Text message sent to 7688548847
2026-10-02 11:44:16,876 - notifier - INFO - SENT: Alert sent to 7688548847 for item 10208148904
2026-10-02 11:44:18,733 - bot - INFO - NEW MATCH: iPhone 13 Pro Max - Item 10207965953
2026-10-02 11:44:43,769 - notifier - INFO - SENT: Text message sent to 7688548847
2026-10-02 11:44:43,770 - notifier - INFO - SENT: Alert sent to 7688548847 for item 10207965953
2026-10-02 11:44:47,423 - bot - INFO - NEW MATCH: iPhone 13 Pro Max - Item 10207574759
2026-10-02 11:44:52,155 - notifier - INFO - SENT: Text message sent to 7688548847
2026-10-02 11:44:52,158 - notifier - INFO - SENT: Alert sent to 7688548847 for item 10207574759
2026-10-02 11:44:54,211 - bot - INFO - NEW MATCH: iPhone 13 Pro Max - Item 10205153846
2026-10-02 11:45:18,853 - notifier - INFO - SENT: Text message sent to 7688548847
2026-10-02 11:45:18,854 - notifier - INFO - SENT: Alert sent to 7688548847 for item 10205153846
2026-10-02 11:45:20,939 - bot - INFO - NEW MATCH: iPhone 13 Pro Max - Item 10206128332
2026-10-02 11:45:26,072 - notifier - INFO - SENT: Text message sent to 7688548847
2026-10-02 11:45:26,076 - notifier - INFO - SENT: Alert sent to 7688548847 for item 10206128332
2026-10-02 11:45:27,961 - bot - INFO - NEW MATCH: iPhone 13 Pro Max - Item 10204613732
2026-10-02 11:45:33,098 - notifier - INFO - SENT: Text message sent to 7688548847
2026-10-02 11:45:33,098 - notifier - INFO - SENT: Alert sent to 7688548847 for item 10204613732
2026-10-02 11:45:35,227 - bot - INFO - NEW MATCH: iPhone 13 Pro Max - Item 10204710643
2026-10-02 11:45:40,335 - notifier - INFO - SENT: Text message sent to 7688548847
2026-10-02 11:45:40,337 - notifier - INFO - SENT: Alert sent to 7688548847 for item 10204710643
2026-10-02 11:45:40,363 - bot - INFO - Detail limit reached for 'iPhone 13 Pro Max' (10); remaining unseen items will be checked next cycle
2026-10-02 11:45:40,364 - bot - INFO - Search summary 'iPhone 13 Pro Max': matched=8, already_seen=11, filtered_out=2, detail_failed=0, dry_run=False
2026-10-02 11:45:40,367 - bot - INFO - Running search: iPhone 14
2026-10-02 11:45:41,492 - bot - INFO - Found 96 items for 'iPhone 14'
2026-10-02 11:45:43,560 - bot - INFO - NEW MATCH: iPhone 14 - Item 10213002451
2026-10-02 11:45:49,521 - notifier - INFO - SENT: Text message sent to 7688548847
2026-10-02 11:45:49,522 - notifier - INFO - SENT: Alert sent to 7688548847 for item 10213002451
2026-10-02 11:45:55,840 - bot - INFO - NEW MATCH: iPhone 14 - Item 10211764698
2026-10-02 11:46:00,988 - notifier - INFO - SENT: Text message sent to 7688548847
2026-10-02 11:46:00,989 - notifier - INFO - SENT: Alert sent to 7688548847 for item 10211764698
2026-10-02 11:46:03,149 - bot - INFO - NEW MATCH: iPhone 14 - Item 10211744841
2026-10-02 11:46:28,612 - notifier - INFO - SENT: Text message sent to 7688548847
2026-10-02 11:46:28,613 - notifier - INFO - SENT: Alert sent to 7688548847 for item 10211744841
2026-10-02 11:46:30,434 - bot - INFO - NEW MATCH: iPhone 14 - Item 10211691956
2026-10-02 11:46:35,765 - notifier - INFO - SENT: Text message sent to 7688548847
2026-10-02 11:46:35,766 - notifier - INFO - SENT: Alert sent to 7688548847 for item 10211691956
2026-10-02 11:46:39,675 - bot - INFO - NEW MATCH: iPhone 14 - Item 10211224475
2026-10-02 11:46:44,212 - notifier - INFO - SENT: Text message sent to 7688548847
2026-10-02 11:46:44,212 - notifier - INFO - SENT: Alert sent to 7688548847 for item 10211224475
2026-10-02 11:46:46,078 - bot - INFO - NEW MATCH: iPhone 14 - Item 10211100823
2026-10-02 11:47:11,774 - notifier - INFO - SENT: Text message sent to 7688548847
2026-10-02 11:47:11,776 - notifier - INFO - SENT: Alert sent to 7688548847 for item 10211100823
2026-10-02 11:47:14,142 - bot - INFO - Detail limit reached for 'iPhone 14' (10); remaining unseen items will be checked next cycle
2026-10-02 11:47:14,145 - bot - INFO - Search summary 'iPhone 14': matched=6, already_seen=0, filtered_out=5, detail_failed=0, dry_run=False
2026-10-02 11:47:14,147 - bot - INFO - Running search: iPhone 14 Plus
2026-10-02 11:47:15,394 - bot - INFO - Found 96 items for 'iPhone 14 Plus'
2026-10-02 11:47:22,913 - bot - INFO - NEW MATCH: iPhone 14 Plus - Item 10210877923
2026-10-02 11:47:47,401 - notifier - INFO - SENT: Text message sent to 7688548847
2026-10-02 11:47:47,403 - notifier - INFO - SENT: Alert sent to 7688548847 for item 10210877923
2026-10-02 11:47:49,287 - bot - INFO - NEW MATCH: iPhone 14 Plus - Item 10210693959
2026-10-02 11:47:54,663 - notifier - INFO - SENT: Text message sent to 7688548847
2026-10-02 11:47:54,665 - notifier - INFO - SENT: Alert sent to 7688548847 for item 10210693959
2026-10-02 11:47:56,710 - bot - INFO - NEW MATCH: iPhone 14 Plus - Item 10209239333
2026-10-02 11:48:02,291 - notifier - INFO - SENT: Text message sent to 7688548847
2026-10-02 11:48:02,294 - notifier - INFO - SENT: Alert sent to 7688548847 for item 10209239333
2026-10-02 11:48:04,141 - bot - INFO - NEW MATCH: iPhone 14 Plus - Item 10209028378
2026-10-02 11:48:09,478 - notifier - INFO - SENT: Text message sent to 7688548847
2026-10-02 11:48:09,479 - notifier - INFO - SENT: Alert sent to 7688548847 for item 10209028378
2026-10-02 11:48:13,821 - bot - INFO - NEW MATCH: iPhone 14 Plus - Item 10209018140
2026-10-02 11:48:19,046 - notifier - INFO - SENT: Text message sent to 7688548847
2026-10-02 11:48:19,047 - notifier - INFO - SENT: Alert sent to 7688548847 for item 10209018140
2026-10-02 11:48:20,887 - bot - INFO - Detail limit reached for 'iPhone 14 Plus' (10); remaining unseen items will be checked next cycle
2026-10-02 11:48:20,889 - bot - INFO - Search summary 'iPhone 14 Plus': matched=5, already_seen=2, filtered_out=5, detail_failed=0, dry_run=False
2026-10-02 11:48:20,890 - bot - INFO - Running search: iPhone 14 Pro
2026-10-02 11:48:22,180 - bot - INFO - Found 96 items for 'iPhone 14 Pro'
2026-10-02 11:48:24,489 - bot - INFO - NEW MATCH: iPhone 14 Pro - Item 10213024325
2026-10-02 11:48:51,442 - notifier - INFO - SENT: Text message sent to 7688548847
2026-10-02 11:48:51,446 - notifier - INFO - SENT: Alert sent to 7688548847 for item 10213024325
2026-10-02 11:48:53,351 - bot - INFO - NEW MATCH: iPhone 14 Pro - Item 10212884840
2026-10-02 11:49:00,495 - notifier - INFO - SENT: Text message sent to 7688548847
2026-10-02 11:49:00,496 - notifier - INFO - SENT: Alert sent to 7688548847 for item 10212884840
2026-10-02 11:49:10,622 - bot - INFO - NEW MATCH: iPhone 14 Pro - Item 10211730048
2026-10-02 11:49:19,867 - notifier - INFO - SENT: Text message sent to 7688548847
2026-10-02 11:49:19,873 - notifier - INFO - SENT: Alert sent to 7688548847 for item 10211730048
2026-10-02 11:49:21,891 - bot - INFO - NEW MATCH: iPhone 14 Pro - Item 10211170194
2026-10-02 11:49:31,361 - notifier - INFO - SENT: Text message sent to 7688548847
2026-10-02 11:49:31,376 - notifier - INFO - SENT: Alert sent to 7688548847 for item 10211170194
2026-10-02 11:49:33,775 - bot - INFO - NEW MATCH: iPhone 14 Pro - Item 10211092949
2026-10-02 11:49:42,012 - notifier - INFO - SENT: Text message sent to 7688548847
2026-10-02 11:49:42,013 - notifier - INFO - SENT: Alert sent to 7688548847 for item 10211092949
2026-10-02 11:49:43,960 - bot - INFO - NEW MATCH: iPhone 14 Pro - Item 10211067172
2026-10-02 11:49:50,940 - notifier - INFO - SENT: Text message sent to 7688548847
2026-10-02 11:49:50,944 - notifier - INFO - SENT: Alert sent to 7688548847 for item 10211067172
2026-10-02 11:49:51,040 - bot - INFO - Detail limit reached for 'iPhone 14 Pro' (10); remaining unseen items will be checked next cycle
2026-10-02 11:49:51,049 - bot - INFO - Search summary 'iPhone 14 Pro': matched=6, already_seen=2, filtered_out=5, detail_failed=0, dry_run=False
2026-10-02 11:49:51,062 - bot - INFO - Running search: iPhone 14 Pro Max
2026-10-02 11:49:52,499 - bot - INFO - Found 96 items for 'iPhone 14 Pro Max'
2026-10-02 11:49:58,399 - bot - INFO - NEW MATCH: iPhone 14 Pro Max - Item 10209904764
2026-10-02 11:50:06,831 - notifier - INFO - SENT: Text message sent to 7688548847
2026-10-02 11:50:06,834 - notifier - INFO - SENT: Alert sent to 7688548847 for item 10209904764
2026-10-02 11:50:09,394 - bot - INFO - NEW MATCH: iPhone 14 Pro Max - Item 10209940530
2026-10-02 11:50:37,487 - notifier - INFO - SENT: Text message sent to 7688548847
2026-10-02 11:50:37,488 - notifier - INFO - SENT: Alert sent to 7688548847 for item 10209940530
2026-10-02 11:50:39,402 - bot - INFO - NEW MATCH: iPhone 14 Pro Max - Item 10209109320
2026-10-02 11:50:48,728 - notifier - INFO - SENT: Text message sent to 7688548847
2026-10-02 11:50:48,740 - notifier - INFO - SENT: Alert sent to 7688548847 for item 10209109320
2026-10-02 11:50:50,883 - bot - INFO - NEW MATCH: iPhone 14 Pro Max - Item 10208724229
2026-10-02 11:51:03,580 - notifier - INFO - SENT: Text message sent to 7688548847
2026-10-02 11:51:03,596 - notifier - INFO - SENT: Alert sent to 7688548847 for item 10208724229
2026-10-02 11:51:05,802 - bot - INFO - NEW MATCH: iPhone 14 Pro Max - Item 10208798888
2026-10-02 11:51:19,754 - notifier - INFO - SENT: Text message sent to 7688548847
2026-10-02 11:51:19,770 - notifier - INFO - SENT: Alert sent to 7688548847 for item 10208798888
2026-10-02 11:51:21,960 - bot - INFO - NEW MATCH: iPhone 14 Pro Max - Item 10208760523
2026-10-02 11:51:37,138 - notifier - INFO - SENT: Text message sent to 7688548847
2026-10-02 11:51:37,152 - notifier - INFO - SENT: Alert sent to 7688548847 for item 10208760523
2026-10-02 11:51:39,482 - bot - INFO - NEW MATCH: iPhone 14 Pro Max - Item 10208361078
2026-10-02 11:51:53,836 - notifier - INFO - SENT: Text message sent to 7688548847
2026-10-02 11:51:53,845 - notifier - INFO - SENT: Alert sent to 7688548847 for item 10208361078
2026-10-02 11:51:55,935 - bot - INFO - NEW MATCH: iPhone 14 Pro Max - Item 10208450993
2026-10-02 11:52:08,931 - notifier - INFO - SENT: Text message sent to 7688548847
2026-10-02 11:52:08,943 - notifier - INFO - SENT: Alert sent to 7688548847 for item 10208450993
2026-10-02 11:52:09,024 - bot - INFO - Detail limit reached for 'iPhone 14 Pro Max' (10); remaining unseen items will be checked next cycle
2026-10-02 11:52:09,047 - bot - INFO - Search summary 'iPhone 14 Pro Max': matched=8, already_seen=0, filtered_out=2, detail_failed=0, dry_run=False
2026-10-02 11:52:09,071 - bot - INFO - Running search: iPhone 15
2026-10-02 11:52:11,501 - bot - INFO - Found 96 items for 'iPhone 15'
2026-10-02 11:52:13,621 - bot - INFO - NEW MATCH: iPhone 15 - Item 10213202152
2026-10-02 11:52:26,788 - notifier - INFO - SENT: Text message sent to 7688548847
2026-10-02 11:52:26,796 - notifier - INFO - SENT: Alert sent to 7688548847 for item 10213202152
2026-10-02 11:52:35,977 - bot - INFO - NEW MATCH: iPhone 15 - Item 10211906592
2026-10-02 11:53:08,589 - notifier - INFO - SENT: Text message sent to 7688548847
2026-10-02 11:53:08,602 - notifier - INFO - SENT: Alert sent to 7688548847 for item 10211906592
2026-10-02 11:53:10,776 - bot - INFO - NEW MATCH: iPhone 15 - Item 10211573780
2026-10-02 11:53:54,961 - notifier - WARNING - Telegram network error: ReadTimeout. Retrying after 6s.
2026-10-02 11:54:03,716 - notifier - INFO - SENT: Text message sent to 7688548847
2026-10-02 11:54:03,723 - notifier - INFO - SENT: Alert sent to 7688548847 for item 10211573780
2026-10-02 11:54:05,627 - bot - INFO - NEW MATCH: iPhone 15 - Item 10208725442
2026-10-02 11:54:12,689 - notifier - INFO - SENT: Text message sent to 7688548847
2026-10-02 11:54:12,695 - notifier - INFO - SENT: Alert sent to 7688548847 for item 10208725442
2026-10-02 11:54:14,618 - bot - INFO - NEW MATCH: iPhone 15 - Item 10211375770
2026-10-02 11:54:41,031 - notifier - INFO - SENT: Text message sent to 7688548847
2026-10-02 11:54:41,033 - notifier - INFO - SENT: Alert sent to 7688548847 for item 10211375770
2026-10-02 11:54:41,169 - scraper - WARNING - Retrying after 126.8s due to HTTP 403
2026-10-02 11:56:55,467 - bot - INFO - NEW MATCH: iPhone 15 - Item 10211169272
2026-10-02 11:57:02,266 - notifier - INFO - SENT: Text message sent to 7688548847
2026-10-02 11:57:02,271 - notifier - INFO - SENT: Alert sent to 7688548847 for item 10211169272
2026-10-02 11:57:02,308 - bot - INFO - Detail limit reached for 'iPhone 15' (10); remaining unseen items will be checked next cycle
2026-10-02 11:57:02,317 - bot - INFO - Search summary 'iPhone 15': matched=6, already_seen=0, filtered_out=7, detail_failed=0, dry_run=False
2026-10-02 11:57:02,332 - bot - INFO - Running search: iPhone 15 Plus
2026-10-02 11:57:03,791 - bot - INFO - Found 96 items for 'iPhone 15 Plus'
2026-10-02 11:57:05,501 - bot - INFO - NEW MATCH: iPhone 15 Plus - Item 10212948086
2026-10-02 11:57:12,190 - notifier - INFO - SENT: Text message sent to 7688548847
2026-10-02 11:57:12,193 - notifier - INFO - SENT: Alert sent to 7688548847 for item 10212948086
2026-10-02 11:57:14,055 - bot - INFO - NEW MATCH: iPhone 15 Plus - Item 10210881553
2026-10-02 11:57:21,407 - notifier - INFO - SENT: Text message sent to 7688548847
2026-10-02 11:57:21,411 - notifier - INFO - SENT: Alert sent to 7688548847 for item 10210881553
2026-10-02 11:57:23,324 - bot - INFO - NEW MATCH: iPhone 15 Plus - Item 10210351939
2026-10-02 11:57:30,399 - notifier - INFO - SENT: Text message sent to 7688548847
2026-10-02 11:57:30,402 - notifier - INFO - SENT: Alert sent to 7688548847 for item 10210351939
2026-10-02 11:57:32,242 - bot - INFO - NEW MATCH: iPhone 15 Plus - Item 10207879582
2026-10-02 11:57:39,494 - notifier - INFO - SENT: Text message sent to 7688548847
2026-10-02 11:57:39,497 - notifier - INFO - SENT: Alert sent to 7688548847 for item 10207879582
2026-10-02 11:57:41,308 - bot - INFO - NEW MATCH: iPhone 15 Plus - Item 10207555419
2026-10-02 11:58:07,142 - notifier - INFO - SENT: Text message sent to 7688548847
2026-10-02 11:58:07,146 - notifier - INFO - SENT: Alert sent to 7688548847 for item 10207555419
2026-10-02 11:58:09,055 - bot - INFO - NEW MATCH: iPhone 15 Plus - Item 10206527793
2026-10-02 11:58:33,842 - notifier - INFO - SENT: Text message sent to 7688548847
2026-10-02 11:58:33,843 - notifier - INFO - SENT: Alert sent to 7688548847 for item 10206527793
2026-10-02 11:58:37,463 - bot - INFO - NEW MATCH: iPhone 15 Plus - Item 10204275900
2026-10-02 11:58:43,301 - notifier - INFO - SENT: Text message sent to 7688548847
2026-10-02 11:58:43,302 - notifier - INFO - SENT: Alert sent to 7688548847 for item 10204275900
2026-10-02 11:58:45,020 - bot - INFO - NEW MATCH: iPhone 15 Plus - Item 10205299862
2026-10-02 11:58:49,519 - notifier - INFO - SENT: Text message sent to 7688548847
2026-10-02 11:58:49,520 - notifier - INFO - SENT: Alert sent to 7688548847 for item 10205299862
2026-10-02 11:58:51,197 - bot - INFO - Detail limit reached for 'iPhone 15 Plus' (10); remaining unseen items will be checked next cycle
2026-10-02 11:58:51,198 - bot - INFO - Search summary 'iPhone 15 Plus': matched=8, already_seen=3, filtered_out=3, detail_failed=0, dry_run=False
2026-10-02 11:58:51,198 - bot - INFO - Running search: iPhone 15 Pro
2026-10-02 11:58:52,134 - bot - INFO - Found 96 items for 'iPhone 15 Pro'
2026-10-02 11:58:53,764 - bot - INFO - NEW MATCH: iPhone 15 Pro - Item 10213175487
2026-10-02 11:58:56,468 - notifier - WARNING - Photo send by URL failed for item 10213175487; trying download/upload fallback: Telegram API error 400: Bad Request: wrong type of the web page content
2026-10-02 11:59:07,296 - notifier - INFO - SENT: Text message sent to 7688548847
2026-10-02 11:59:07,300 - notifier - INFO - SENT: Alert sent to 7688548847 for item 10213175487
2026-10-02 11:59:09,018 - bot - INFO - NEW MATCH: iPhone 15 Pro - Item 10211282057
2026-10-02 11:59:14,659 - telegram_commands - ERROR - Failed to fetch Telegram updates: ReadTimeout
2026-10-02 11:59:16,524 - notifier - INFO - SENT: Text message sent to 7688548847
2026-10-02 11:59:16,530 - notifier - INFO - SENT: Alert sent to 7688548847 for item 10211282057
2026-10-02 11:59:23,245 - bot - INFO - NEW MATCH: iPhone 15 Pro - Item 10211756137
2026-10-02 11:59:31,651 - notifier - INFO - SENT: Text message sent to 7688548847
2026-10-02 11:59:31,665 - notifier - INFO - SENT: Alert sent to 7688548847 for item 10211756137
2026-10-02 11:59:33,835 - bot - INFO - NEW MATCH: iPhone 15 Pro - Item 10211723778
